22 2769
22 3297
22 3300
22 3882
23 2258
23 2280
23 2274
23 2264
23 2546
23 2552
23 2687
23 2802
23 2776
23 2768
23 2858
23 2808
23 3026
23 3183
23 3282
23 3288
23 3304
23 3298
23 3370
23 3570
23 3576
23 3610
23 3647
23 3663
23 3711
23 3800
23 3832
23 3826
23 3794
23 3792
23 3887
23 3882
23 3877
23 3951
23 4056
25 3556
27 1388
27 1628
27 2147
27 2156
27 2159
27 2175
27 2224
27 2257
27 2261
27 2276
27 2277
27 2293
27 2273
27 2346
27 2362
27 2367
27 2432
27 2480
27 2496
27 2528
27 2529
27 2532
27 2544
27 2586
27 2618
27 2623
27 2634
27 2636
27 2687
27 2752
27 2753
27 2756
27 2768
27 2769
27 2772
27 2773
27 2800
27 2805
27 2858
27 2890
27 2944
27 2960
27 2975
27 2976
27 3013
27 3183
27 3199
27 3248
27 3285
27 3296
27 3301
27 3316
27 3313
27 3317
27 3375
27 3386
27 3488
27 3504
27 3520
27 355
27 3552
27 3568
27 3610
27 3615
27 3642
27 3711
27 3776
27 3781
27 3792
27 3797
27 3824
27 3829
27 3866
27 3882
27 3887
27 3914
27 3919
27 3951
27 3968
27 3984
27 4000
27 4037
27 595
27 781
29 2192
29 2258
29 2264
29 2272
29 2274
29 2280
29 2290
29 2296
29 2314
29 2346
29 2367
29 2432
29 2496
29 2528
29 2504
29 2530
29 2533
29 2536
29 2544
29 2546
29 2552
29 2571
29 2618
29 2623
29 2639
29 2655
29 2687
29 2752
29 2754
29 2760
29 2770
29 2776
29 2773
29 2800
29 2802
29 2808
29 2858
29 2863
29 2895
29 2912
29 2944
29 3010
29 3016
29 3032
29 3040
29 3042
29 3048
29 3183
29 3199
29 3296
29 3298
29 3304
29 3314
29 3320
29 3370
29 3456
29 3520
29 3522
29 3528
29 3552
29 3554
29 3557
29 3560
29 3568
29 3570
29 3576
29 3610
29 3642
29 3663
29 3711
29 3776
29 3778
29 3784
29 3792
29 3794
29 3797
29 3800
29 3824
29 3826
29 3832
29 3882
29 3904
29 3919
29 3968
29 4040
29 4034
29 4056
29 4064
29 4066
29 4072
30 108
30 1619
30 2159
30 2175
30 2224
30 2261
30 2272
30 2277
30 2293
30 2346
30 2351
30 2362
30 2367
30 2432
30 2480
30 2496
30 2528
30 2544
30 2687
30 2752
30 2756
30 2757
30 2768
30 2753
30 2773
30 2800
30 2842
30 2858
30 2944
30 2960
30 2976
30 3013
30 3167
30 3183
30 3199
30 3285
30 3296
30 3301
30 3317
30 3338
30 3370
30 3456
30 3504
30 3520
30 3521
30 3524
30 3525
30 3552
30 3553
30 3556
30 3568
30 3599
30 364
30 3647
30 3667
30 3676
30 3679
30 3711
30 3776
30 3781
30 3796
30 3797
30 3824
30 3829
30 3866
30 3871
30 3882
30 3968
30 3984
30 4000
30 4037
30 604
30 588
30 775
38 2175
38 2272
38 2548
38 2752
38 3199
38 3300
38 3651
38 3660
38 3663
38 3777
38 3780
38 3866
38 3968
39 1187
39 1528
39 2143
39 2175
39 2192
39 2215
39 2256
39 2258
39 2261
39 2264
39 2274
39 2290
39 2280
39 2296
39 2314
39 2346
39 2415
39 2432
39 2496
39 2498
39 2504
39 2528
39 2530
39 2536
39 2544
39 2546
39 2552
39 2586
39 2618
39 2623
39 2624
39 2639
39 2655
39 2687
39 2754
39 2760
39 2768
39 2773
39 2770
39 2776
39 2800
39 2802
39 2808
39 2826
39 2858
39 2895
39 2927
39 2965
39 3010
39 3016
39 3042
39 3048
39 3167
39 3199
39 3231
39 3280
39 3282
39 3288
39 3298
39 3304
39 3314
39 3320
39 3338
39 3370
39 3391
39 3456
39 3520
39 3522
39 3528
39 3552
39 3554
39 3560
39 3568
39 3570
39 3576
39 3610
39 3642
39 3663
39 3679
39 3711
39 3776
39 3778
39 3784
39 3792
39 3794
39 3797
39 3800
39 3824
39 3826
39 3832
39 3882
39 3919
39 3951
39 3983
39 4034
39 4040
39 4066
39 4072
41 3183
41 3199
41 3569
41 3572
41 3776
41 4049
41 4052
43 1884
43 2159
43 2175
43 2224
43 2239
43 2256
43 2261
43 2273
43 2276
43 2277
43 2293
43 2367
43 2432
43 2464
43 2480
43 2496
43 2501
43 2528
43 2545
43 2548
43 2586
43 2623
43 2639
43 2753
43 2756
43 2757
43 2758
43 2761
43 2768
43 2773
43 2777
43 2805
43 2908
43 2927
43 2960
43 3012
43 3013
43 3024
43 3025
43 3028
43 3167
43 3199
43 3233
43 3248
43 3280
43 3285
43 3301
43 3370
43 3386
43 3391
43 3456
43 3504
43 3520
43 3525
43 3568
43 3574
43 3577
43 3647
43 371
43 3711
43 3781
43 3792
43 3797
43 3798
43 3824
43 3825
43 3828
43 3861
43 3871
43 3882
43 3968
43 3984
43 4000
43 4033
43 4036
43 4037
43 4048
43 4057
43 851
45 1522
45 2143
45 2175
45 2192
45 2256
45 2258
45 2264
45 2274
45 2280
45 2290
45 2296
45 2346
45 2362
45 2432
45 2496
45 2498
45 2504
45 2528
45 2530
45 2536
45 2533
45 2544
45 2546
45 2552
45 2586
45 2623
45 2639
45 2687
45 2752
45 2754
45 2760
45 2768
45 2770
45 2773
45 2776
45 2800
45 2802
45 2808
45 2826
45 2858
45 2895
45 2927
45 3010
45 3016
45 3048
45 3167
45 3183
45 3199
45 3216
45 3280
45 3282
45 3288
45 3298
45 3314
45 3320
45 3370
45 3391
45 3456
45 3520
45 3522
45 3528
45 3552
45 3554
45 3557
45 3560
45 3568
45 3570
45 3576
45 3610
45 3642
45 3647
45 3648
45 3711
45 3776
45 3778
45 3784
45 3792
45 3794
45 3797
45 3800
45 3824
45 3826
45 3832
45 3866
45 3871
45 3882
45 3887
45 3919
45 3968
45 3989
45 4034
45 4040
46 108
46 1132
46 1748
46 1875
46 2159
46 2175
46 2256
46 2261
46 2293
46 2367
46 2432
46 2464
46 2471
46 2477
46 2480
46 2496
46 2497
46 2500
46 2501
46 2528
46 2544
46 2565
46 2623
46 263
46 2695
46 2701
46 2752
46 2768
46 2757
46 2769
46 2772
46 2773
46 2800
46 2805
46 2842
46 2847
46 2863
46 2906
46 2960
46 2976
46 3009
46 3012
46 3013
46 3024
46 3044
46 3183
46 3199
46 3248
46 3280
46 3281
46 3285
46 3297
46 3300
46 3301
46 3317
46 3343
46 3386
46 3456
46 3488
46 3501
46 3504
46 3520
46 3525
46 3552
46 3568
46 3569
46 3572
46 3647
46 3663
46 3776
46 3777
46 3780
46 3781
46 3792
46 3793
46 3796
46 3797
46 3824
46 3828
46 3829
46 3866
46 3923
46 3932
46 3968
46 3984
46 4000
46 4037
46 4048
46 4049
46 4052
46 721
46 860
46 92
54 2227
54 2639
54 3199
54 3663
54 3679
54 3797
54 3850
54 3907
54 3916
54 3968
55 1203
55 179
55 1923
55 1924
55 2138
55 2143
55 2159
55 2175
55 2224
55 2239
55 2258
55 2264
55 2272
55 2274
55 2280
55 2290
55 2296
55 2346
55 2362
55 249
55 2498
55 2504
55 2528
55 2530
55 2536
55 2546
55 2552
55 2586
55 2591
55 2618
55 2623
55 2639
55 2655
55 2687
55 270
55 2754
55 2752
55 2760
55 2768
55 2770
55 2776
55 2800
55 2802
55 2808
55 2842
55 2858
55 2880
55 2895
55 2927
55 2944
55 2947
55 2951
55 2956
55 2957
55 3010
55 3016
55 3026
55 3032
55 3040
55 3042
55 3048
55 3167
55 3183
55 3248
55 3251
55 3260
55 3280
55 3282
55 3288
55 3296
55 3298
55 3304
55 3314
55 3320
55 3338
55 3370
55 3386
55 3522
55 3525
55 3528
55 3552
55 3554
55 3560
55 3570
55 3576
55 3610
55 3615
55 3642
55 3647
55 3663
55 3711
55 3776
55 3778
55 3784
55 3792
55 3794
55 3800
55 3826
55 3832
55 3850
55 3866
55 3882
55 3951
55 3968
55 3980
55 4034
55 4040
55 4038
55 4050
55 4056
55 4064
55 4066
55 4072
55 899
57 1212
57 2175
57 2895
57 2944
57 3167
57 3199
57 3386
57 3919
57 3971
57 3951
57 3980
59 1139
59 1859
59 2159
59 2170
59 2175
59 2192
59 2239
59 2256
59 2261
59 2272
59 2277
59 2292
59 2289
59 2293
59 2367
59 2362
59 2432
59 2464
59 2480
59 2496
59 2501
59 2528
59 2533
59 2544
59 2768
59 2757
59 2773
59 2805
59 2892
59 2895
59 2944
59 2959
59 2960
59 3009
59 3012
59 3013
59 3024
59 3183
59 3216
59 3249
59 3252
59 3280
59 3285
59 3296
59 3297
59 3301
59 3317
59 3338
59 3391
59 3386
59 3456
59 3488
59 3504
59 3520
59 3525
59 3552
59 3557
59 3610
59 3663
59 3711
59 3776
59 3777
59 3780
59 3781
59 3792
59 3793
59 3796
59 3797
59 3824
59 3829
59 3866
59 3968
59 3969
59 3972
59 3984
59 4000
59 4037
59 4048
59 835
61 1212
61 2224
61 2258
61 2264
61 2272
61 2274
61 2280
61 2290
61 2296
61 2315
61 2318
61 2346
61 2351
61 2367
61 2498
61 2504
61 2528
61 2530
61 2536
61 2546
61 2552
61 2586
61 2618
61 2623
61 2639
61 267
61 2687
61 2752
61 2754
61 2760
61 2768
61 2770
61 2776
61 2800
61 2802
61 2842
61 2858
61 2882
61 2944
61 3010
61 3016
61 3026
61 3032
61 3040
61 3042
61 3048
61 3183
61 3199
61 3248
61 3255
61 3261
61 3280
61 3282
61 3288
61 3296
61 3298
61 3304
61 3314
61 3320
61 3370
61 3386
61 3391
61 3520
61 3522
61 3528
61 3552
61 3554
61 3560
61 3568
61 3570
61 3576
61 3615
61 3642
61 3647
61 3663
61 3711
61 3776
61 3778
61 3784
61 3792
61 3794
61 3800
61 3824
61 3826
61 3832
61 3845
61 3850
61 3866
61 3882
61 3951
61 3968
61 4034
61 4040
61 4056
61 4064
61 4066
61 4072
62 1148
62 1868
62 1921
62 2175
62 2256
62 2261
62 2272
62 2277
62 2362
62 2367
62 2432
62 2464
62 2480
62 2496
62 2501
62 2528
62 2533
62 2544
62 2623
62 2753
62 2756
62 2757
62 2768
62 2773
62 2805
62 2858
62 2945
62 2948
62 2960
62 2976
62 3013
62 3024
62 3183
62 3199
62 3216
62 3280
62 3296
62 3285
62 3301
62 3313
62 3316
62 3317
62 3386
62 3391
62 3456
62 3488
62 3504
62 3520
62 3525
62 3552
62 3557
62 3568
62 3711
62 3776
62 3781
62 3792
62 3797
62 3829
62 3866
62 3882
62 3919
62 3984
62 4000
62 4033
62 4036
62 4037
62 4048
62 844
82 2351
82 2498
82 2504
82 3367
82 3373
82 3797
83 172
83 2074
83 2079
83 2095
83 2101
83 2211
83 2220
83 2277
83 2293
83 2319
83 2341
83 2351
83 2362
83 2544
83 2586
83 2591
83 2613
83 2623
83 2640
83 2682
83 2691
83 2700
83 2704
83 2736
83 2757
83 2800
83 2821
83 2847
83 2863
83 2912
83 2927
83 2944
83 2959
83 2960
83 2981
83 3013
83 3026
83 3032
83 3040
83 3045
83 3098
83 3103
83 3125
83 3280
83 3296
83 3301
83 3317
83 3375
83 3386
83 3439
83 3520
83 3525
83 3552
83 3557
83 3568
83 3615
83 3642
83 3647
83 3664
83 3727
83 3728
83 3760
83 3781
83 3845
83 3861
83 3866
83 3871
83 3882
83 3887
83 3936
83 3983
83 3984
83 4000
83 4005
83 4048
83 4069
88 2256
88 3045
88 3282
88 3288
88 3317
88 3375
88 3797
91 2618
91 3525
91 3882
92 1326
92 1598
92 2091
92 2095
92 2192
92 2224
92 2239
92 2256
92 2272
92 2277
92 2293
92 2351
92 2362
92 2496
92 2501
92 2528
92 2533
92 2544
92 2586
92 2613
92 2618
92 2623
92 2640
92 2691
92 2700
92 2704
92 2736
92 2752
92 2768
92 2800
92 2847
92 2858
92 2863
92 2912
92 2927
92 2949
92 2960
92 2976
92 2981
92 3013
92 3024
92 3040
92 3045
92 3119
92 3216
92 3248
92 3263
92 3296
92 3301
92 3317
92 3343
92 3375
92 3386
92 3439
92 3488
92 3520
92 3557
92 3552
92 3568
92 3647
92 3664
92 3711
92 3727
92 3728
92 3760
92 3776
92 3781
92 3792
92 3861
92 3887
92 3936
92 3951
92 3983
92 3984
92 4000
92 4005
92 4048
92 4064
92 4069
92 46
92 526
94 2501
94 2618
94 2586
94 2858
94 3642
94 3866
94 3882
98 1196
98 2175
98 3119
99 1250
99 2095
99 2224
99 2239
99 2293
99 2298
99 2357
99 2362
99 2367
99 2464
99 2467
99 2476
99 2496
99 2501
99 2544
99 2565
99 2575
99 2613
99 2623
99 2704
99 2707
99 2716
99 2805
99 2837
99 2842
99 2847
99 2863
99 2906
99 2944
99 2959
99 2960
99 2976
99 3013
99 3024
99 3045
99 3119
99 3248
99 3263
99 3280
99 3285
99 3306
99 3317
99 3322
99 3343
99 3375
99 3386
99 3391
99 3491
99 3488
99 3500
99 3503
99 3520
99 3552
99 3570
99 3568
99 3576
99 3637
99 3647
99 3728
99 3731
99 3740
99 3760
99 3829
99 3866
99 3871
99 3904
99 3887
99 3931
99 3934
99 3968
99 3973
99 3983
99 3984
99 4050
99 4056
99 4064
99 4069
99 523
103 108
104 2095
104 3034
104 3871
107 3866
108 1240
108 1342
108 1480
108 216
108 2192
108 2224
108 2239
108 2256
108 2261
108 2272
108 2293
108 2319
108 2351
108 2357
108 2367
108 2427
108 2464
108 2480
108 2496
108 2501
108 2528
108 2533
108 2544
108 2575
108 2623
108 2640
108 270
108 2704
108 2752
108 2768
108 2800
108 2805
108 2837
108 2842
108 2847
108 2863
108 2944
108 2949
108 2959
108 2976
108 2981
108 30
108 3013
108 3024
108 3026
108 3032
108 3040
108 3045
108 3098
108 3119
108 3130
108 3248
108 3263
108 3280
108 3285
108 3317
108 3343
108 3375
108 3386
108 3391
108 3439
108 3488
108 3520
108 3525
108 3552
108 3568
108 3589
108 3599
108 3648
108 3664
108 3728
108 3776
108 3792
108 3824
108 3829
108 3861
108 3866
108 3871
108 3887
108 3914
108 3930
108 3968
108 3973
108 3984
108 3999
108 4000
108 4005
108 4037
108 4048
108 4064
108 4069
108 46
108 526
110 3297
110 3300
110 3850
110 3866
114 1212
114 1932
114 2106
114 2826
114 3010
114 3016
114 3130
114 3199
114 3248
114 3850
114 3968
115 1083
115 1266
115 1803
115 1933
115 2079
115 2095
115 2192
115 2224
115 2229
115 2256
115 2261
115 2277
115 2294
115 2297
115 2351
115 2362
115 242
115 2501
115 2506
115 2528
115 2533
115 2575
115 2586
115 2591
115 2613
115 2623
115 2703
115 2736
115 2757
115 2821
115 2837
115 2842
115 2847
115 2863
115 2890
115 2906
115 2927
115 2960
115 2976
115 2981
115 3014
115 3017
115 3024
115 3098
115 3119
115 3130
115 3216
115 3248
115 3263
115 3280
115 3285
115 3301
115 3306
115 3322
115 3343
115 3375
115 3386
115 3439
115 3552
115 3557
115 3599
115 3610
115 3615
115 3637
115 3647
115 3727
115 3760
115 3781
115 3861
115 3866
115 3871
115 3887
115 3936
115 3946
115 3951
115 3968
115 3973
115 3984
115 4048
115 4064
115 4069
115 779
120 1203
120 1923
120 2224
120 2823
120 2829
120 2944
120 2949
120 3130
120 3248
120 3251
120 3260
120 3314
120 3317
120 3320
120 3850
120 3968
120 3971
120 3980
123 2289
123 2292
123 2362
123 3009
123 3012
123 3130
123 3386
123 3850
123 3919
123 3951
123 4037
124 1086
124 1272
124 1273
124 1806
124 1927
124 1992
124 2095
124 2102
124 2107
124 2110
124 2192
124 2224
124 2239
124 2256
124 2261
124 2272
124 2277
124 2346
124 2351
124 2362
124 2367
124 248
124 2496
124 2501
124 2528
124 2533
124 2544
124 2575
124 2586
124 2591
124 2623
124 2687
124 2703
124 2704
124 2736
124 2757
124 2768
124 2800
124 2825
124 2830
124 2842
124 2847
124 2863
124 2912
124 2927
124 2944
124 2960
124 2976
124 2981
124 3013
124 3040
124 3045
124 3119
124 3216
124 3248
124 3280
124 3285
124 3296
124 3301
124 3343
124 3375
124 3386
124 3407
124 3520
124 3552
124 3557
124 3568
124 3599
124 3610
124 3615
124 3647
124 3663
124 3664
124 3711
124 3728
124 3760
124 3781
124 3792
124 3824
124 3845
124 3850
124 3866
124 3871
124 3887
124 3915
124 3918
124 3936
124 3951
124 3968
124 3973
124 3984
124 4000
124 4038
124 4048
124 4064
124 4069
124 62
124 782
124 968
126 1985
126 2106
126 2501
126 2826
126 3013
126 3313
126 3316
126 3386
126 3914
126 4033
126 4036
145 2261
145 3115
145 3317
145 3598
145 3615
147 1508
147 1748
147 2095
147 2106
147 2175
147 2314
147 2319
147 2346
147 2351
147 2362
147 2367
147 2403
147 2412
147 2528
147 2575
147 2586
147 2591
147 2613
147 2618
147 2623
147 2643
147 2652
147 2655
147 2687
147 2736
147 2752
147 2757
147 2768
147 2800
147 2826
147 2842
147 2847
147 2858
147 2863
147 2890
147 2895
147 2927
147 3013
147 3040
147 3103
147 3119
147 3130
147 3183
147 3199
147 3237
147 3280
147 3296
147 3317
147 3322
147 3370
147 3375
147 3386
147 3391
147 3407
147 3530
147 3578
147 3599
147 3610
147 3615
147 3637
147 3642
147 3647
147 3664
147 3711
147 3760
147 3776
147 3824
147 3829
147 3850
147 3866
147 3871
147 3882
147 3887
147 3919
147 3951
147 4005
147 4048
147 4064
147 481
147 721
148 2078
148 2591
148 3115
148 3118
148 3338
148 3679
151 3095
151 3101
155 156
156 1505
156 155
156 1745
156 2106
156 2159
156 2175
156 2213
156 2256
156 2293
156 2298
156 2341
156 2346
156 2362
156 2367
156 2416
156 2496
156 2544
156 2554
156 2575
156 2586
156 2591
156 2618
156 2623
156 2640
156 2682
156 2687
156 2752
156 2768
156 2800
156 2826
156 2842
156 2847
156 2858
156 2895
156 2927
156 2976
156 2981
156 3024
156 3130
156 3199
156 3237
156 3322
156 3338
156 3343
156 3370
156 3386
156 3391
156 3427
156 3436
156 3456
156 3520
156 3568
156 3578
156 3599
156 3610
156 3615
156 3637
156 3642
156 3647
156 3667
156 3676
156 3679
156 3711
156 3776
156 3781
156 3792
156 3797
156 3824
156 3850
156 3866
156 3871
156 3882
156 3887
156 3914
156 3919
156 3951
156 4000
156 4005
156 4048
156 4064
156 484
156 724
161 2277
161 2960
161 3115
161 3118
161 3595
161 3598
161 3871
163 1469
163 1559
163 2004
163 2079
163 2095
163 2106
163 2159
163 2223
163 2351
163 2362
163 2367
163 2415
163 2419
163 2428
163 2544
163 2575
163 2586
163 2591
163 2687
163 2757
163 2768
163 2800
163 2826
163 2842
163 2847
163 2863
163 2895
163 2899
163 2908
163 2927
163 295
163 2960
163 3024
163 3103
163 3119
163 3130
163 3199
163 3280
163 3285
163 3296
163 3370
163 3375
163 3386
163 3391
163 3407
163 3440
163 3610
163 3615
163 3637
163 3642
163 3647
163 3663
163 3711
163 3776
163 3781
163 3786
163 3824
163 3850
163 3861
163 3866
163 3871
163 3882
163 3887
163 3919
163 3920
163 3951
163 3984
163 4048
163 497
163 721
163 977
164 1063
164 2293
164 2367
164 2571
164 2574
164 2847
164 2975
164 3301
164 3317
164 3781
164 3987
164 3996
167 2272
167 2752
172 1252
172 1521
172 2001
172 2079
172 2131
172 2143
172 2159
172 2175
172 2256
172 2272
172 2346
172 2351
172 2362
172 2367
172 2371
172 2380
172 2416
172 2427
172 2480
172 2496
172 2544
172 2586
172 2591
172 2613
172 2618
172 2639
172 2687
172 2752
172 2757
172 2762
172 2768
172 2800
172 2805
172 2837
172 2842
172 2847
172 2890
172 2912
172 2927
172 2960
172 3024
172 3040
172 3130
172 3162
172 3167
172 3183
172 3194
172 3199
172 3280
172 3370
172 3383
172 3386
172 3391
172 3407
172 3443
172 3452
172 3504
172 3520
172 3599
172 3610
172 3615
172 3637
172 3642
172 3711
172 3776
172 3781
172 3785
172 3792
172 3824
172 3829
172 3850
172 3863
172 3866
172 3869
172 3871
172 3882
172 3914
172 3919
172 3923
172 3932
172 3936
172 3951
172 3984
172 4048
172 4064
172 500
172 83
172 980
173 3119
177 1085
177 2143
177 2293
177 2826
177 3013
177 3131
177 3134
177 3781
177 3829
177 3851
177 3854
179 1078
179 1079
179 1144
179 1265
179 1268
179 1985
179 2079
179 2095
179 2143
179 2159
179 2175
179 2256
179 2277
179 2282
179 2289
179 2292
179 2319
179 2346
179 2351
179 2367
179 2383
179 241
179 2415
179 2480
179 2586
179 2591
179 2613
179 2634
179 2639
179 2687
179 2757
179 2768
179 2842
179 2847
179 2858
179 2863
179 2927
179 2975
179 2976
179 3009
179 3012
179 3013
179 3014
179 3017
179 3040
179 3098
179 3103
179 3183
179 3199
179 3280
179 3296
179 3301
179 3317
179 3306
179 3343
179 3370
179 3375
179 3386
179 3391
179 3439
179 3456
179 3599
179 3610
179 3615
179 3637
179 3642
179 3663
179 3658
179 3679
179 3711
179 3776
179 3781
179 3792
179 3829
179 3866
179 3871
179 3882
179 3887
179 3914
179 3919
179 3951
179 3973
179 3984
179 3999
179 4037
179 4042
179 775
179 961
180 1083
180 1803
180 2107
180 2110
180 2143
180 2827
180 2830
180 3167
180 3317
180 3760
180 3781
180 3850
180 3968
180 4000
180 4037
183 2175
183 2890
183 2895
183 3010
183 3016
183 3127
183 3133
183 3199
183 3317
183 3919
183 4037
188 1081
188 1268
188 1748
188 1805
188 1858
188 1988
188 2074
188 2079
188 2143
188 2159
188 2170
188 2175
188 2256
188 2272
188 2293
188 2314
188 2341
188 2346
188 2362
188 2351
188 2367
188 2383
188 2415
188 2416
188 244
188 2479
188 2480
188 2495
188 2506
188 2528
188 2544
188 2586
188 2591
188 2613
188 2618
188 2623
188 2639
188 2682
188 2687
188 2752
188 2757
188 2768
188 2800
188 2842
188 2847
188 2858
188 2863
188 2895
188 2927
188 2945
188 2948
188 2960
188 2975
188 3018
188 3024
188 3103
188 3178
188 3183
188 3199
188 3280
188 3296
188 3306
188 3338
188 3343
188 3370
188 3375
188 3386
188 3391
188 3407
188 3439
188 3503
188 3504
188 3519
188 3568
188 3599
188 3610
188 3615
188 3637
188 3663
188 3679
188 3706
188 3711
188 3776
188 3781
188 3792
188 3824
188 3850
188 3866
188 3871
188 3882
188 3914
188 3919
188 3951
188 3984
188 4038
188 4041
188 4048
188 4064
188 964
189 2293
189 2823
189 3199
189 3317
189 3919
209 2091
209 2094
209 2095
209 2106
209 2175
209 2319
209 2346
209 2351
209 2362
209 2367
209 2574
209 2575
209 2623
209 2639
209 2687
209 2757
209 2800
209 2826
209 2858
209 2895
209 2959
209 2960
209 3040
209 3119
209 3130
209 3183
209 3199
209 3216
209 3370
209 3375
209 3386
209 3391
209 3407
209 3557
209 3599
209 3610
209 3615
209 3642
209 3647
209 3663
209 3679
209 3711
209 3824
209 3866
209 3882
209 3887
209 3919
209 3951
209 3984
209 4064
210 1123
210 1603
210 2077
210 2087
210 2093
210 2095
210 2103
210 2109
210 2143
210 2311
210 2317
210 2319
210 2343
210 2349
210 2351
210 2359
210 2365
210 2367
210 2383
210 2464
210 2480
210 2567
210 2573
210 2575
210 2615
210 2621
210 2623
210 2639
210 2736
210 2757
210 2805
210 2823
210 2829
210 2839
210 2845
210 2855
210 2861
210 2863
210 2959
210 2976
210 3013
210 3040
210 3111
210 3117
210 3119
210 3127
210 3133
210 3167
210 3248
210 3335
210 3341
210 3375
210 3383
210 3389
210 3391
210 3407
210 3488
210 3591
210 3597
210 3599
210 3615
210 3639
210 3645
210 3647
210 3728
210 3760
210 3776
210 3781
210 3829
210 3847
210 3853
210 3863
210 3869
210 3871
210 3879
210 3885
210 3887
210 4000
210 4037
210 4048
210 4069
212 2078
212 2091
212 2094
212 2095
212 2106
212 2159
212 2175
212 2192
212 2318
212 2319
212 2346
212 2347
212 2350
212 2351
212 2362
212 2366
212 2367
212 2383
212 2533
212 2571
212 2574
212 2575
212 2586
212 2591
212 2618
212 2623
212 2639
212 2655
212 2687
212 2752
212 2826
212 2842
212 2847
212 2858
212 2863
212 2880
212 2895
212 2927
212 2959
212 2960
212 3018
212 3119
212 3130
212 3134
212 3183
212 3199
212 3343
212 3370
212 3375
212 3386
212 3391
212 3407
212 3599
212 3642
212 3647
212 3663
212 3711
212 3760
212 3850
212 3866
212 3871
212 3882
212 3887
212 3919
212 3984
212 4042
214 2224
214 2960
214 3343
214 3504
214 3984
216 108
216 2087
216 2093
216 2095
216 2103
216 2109
216 2224
216 2311
216 2317
216 2319
216 2343
216 2349
216 2351
216 2359
216 2365
216 2383
216 2464
216 2501
216 2567
216 2573
216 2575
216 2591
216 2615
216 2621
216 2623
216 2704
216 2736
216 2805
216 2823
216 2829
216 2839
216 2845
216 2855
216 2861
216 2863
216 2944
216 2960
216 2976
216 3045
216 3111
216 3117
216 3119
216 3127
216 3133
216 3171
216 3180
216 3248
216 3335
216 3341
216 3343
216 3367
216 3373
216 3383
216 3389
216 3391
216 3407
216 3520
216 3525
216 3557
216 3568
216 3591
216 3599
216 3597
216 3607
216 3613
216 3615
216 3639
216 3645
216 3647
216 3728
216 3760
216 3829
216 3847
216 3853
216 3863
216 3869
216 3871
216 3879
216 3885
216 3887
216 3968
216 3984
216 4000
216 4037
216 4069
216 588
217 2319
217 2944
217 3525
217 3968
217 3984
225 1250
225 1342
225 1459
225 2079
225 2106
225 2143
225 2175
225 2314
225 2319
225 2362
225 2367
225 2383
225 2415
225 2544
225 2575
225 2586
225 2590
225 2591
225 2623
225 2639
225 2826
225 2858
225 2895
225 2927
225 2959
225 2960
225 3115
225 3118
225 3130
225 3167
225 3199
225 3343
225 3370
225 3386
225 3387
225 3390
225 3391
225 3407
225 3520
225 3568
225 3595
225 3598
225 3599
225 3610
225 3611
225 3615
225 3647
225 3663
225 3679
225 3711
225 3850
225 3866
225 3867
225 3870
225 3871
225 3882
225 3919
225 3951
225 3984
225 4048
225 4064
225 643
225 659
225 728
226 1249
226 2071
226 2077
226 2079
226 2087
226 2093
226 2103
226 2109
226 2224
226 2273
226 2276
226 2311
226 2317
226 2319
226 2343
226 2349
226 2351
226 2367
226 2432
226 2464
226 2480
226 2501
226 2544
226 2567
226 2575
226 2573
226 2583
226 2589
226 2615
226 2621
226 2623
226 2639
226 2655
226 2704
226 2736
226 2800
226 2823
226 2829
226 2855
226 2861
226 2895
226 2960
226 3045
226 3013
226 3024
226 3111
226 3095
226 3103
226 3127
226 3101
226 3098
226 3117
226 3133
226 3183
226 3248
226 3335
226 3341
226 3343
226 3373
226 3391
226 3375
226 3439
226 3488
226 3504
226 3525
226 3568
226 3591
226 3597
226 3607
226 3613
226 3639
226 3645
226 3647
226 3663
226 3727
226 3760
226 3792
226 3824
226 3847
226 3853
226 3879
226 3871
226 3885
226 3919
226 3984
226 4048
228 1339
228 1468
228 2094
228 2091
228 2143
228 2175
228 2224
228 2229
228 2319
228 2346
228 2351
228 2362
228 2363
228 2366
228 2367
228 2383
228 2571
228 2575
228 2574
228 2618
228 2623
228 2639
228 2687
228 2846
228 2843
228 2826
228 2847
228 2863
228 2895
228 2959
228 2960
228 3024
228 3130
228 3167
228 3168
228 3179
228 3182
228 3199
228 3343
228 3370
228 3375
228 3386
228 3391
228 3407
228 3504
228 3509
228 3568
228 3610
228 3599
228 3615
228 3642
228 3647
228 3663
228 3659
228 3662
228 3760
228 3776
228 3850
228 3851
228 3854
228 3866
228 3871
228 3887
228 3919
228 3951
228 3984
228 4037
228 4048
228 652
230 2639
230 3248
230 3599
230 3984
232 2071
232 2077
232 2079
232 2087
232 2093
232 2103
232 2109
232 2159
232 2192
232 2224
232 2293
232 2311
232 2317
232 2319
232 2349
232 2367
232 2464
232 2480
232 2501
232 2496
232 2567
232 2573
232 2575
232 2583
232 2589
232 2591
232 2615
232 2621
232 2623
232 2639
232 2655
232 2703
232 2704
232 2805
232 2823
232 2829
232 2847
232 2861
232 2863
232 2944
232 2960
232 2976
232 3013
232 3040
232 3045
232 3095
232 3101
232 3103
232 3111
232 3117
232 3127
232 3133
232 3180
232 3183
232 3248
232 3338
232 3335
232 3317
232 3341
232 3343
232 3367
232 3373
232 3389
232 3391
232 3452
232 3456
232 3488
232 3504
232 3525
232 3591
232 3597
232 3599
232 3607
232 3613
232 3615
232 3639
232 3645
232 3647
232 3651
232 3663
232 3728
232 3760
232 3847
232 3853
232 3869
232 3871
232 3879
232 3885
232 3887
232 3968
232 3984
232 4000
232 4037
232 4064
232 4069
233 2095
233 2575
233 2895
233 2944
233 2960
233 3663
233 3715
233 3724
233 3968
233 3984
241 1203
241 1212
241 179
241 1870
241 1923
241 188
241 2074
241 2075
241 2078
241 2079
241 2095
241 2106
241 2159
241 2171
241 2174
241 2314
241 2319
241 2351
241 2362
241 2367
241 2383
241 2415
241 2575
241 2587
241 2591
241 2590
241 2619
241 2622
241 2639
241 2655
241 2757
241 2826
241 2842
241 2846
241 2847
241 2858
241 2863
241 2891
241 2894
241 2960
241 3014
241 3017
241 3098
241 3099
241 3102
241 3103
241 3119
241 3130
241 3131
241 3134
241 3167
241 3183
241 3248
241 3338
241 3342
241 3343
241 3375
241 3386
241 3391
241 3407
241 3439
241 3504
241 3552
241 3599
241 3615
241 3647
241 3663
241 3711
241 3781
241 3850
241 3851
241 3854
241 3871
241 3882
241 3887
241 3919
241 3951
241 3968
241 3971
241 3984
241 4064
241 659
241 899
242 1139
242 1265
242 1859
242 2071
242 2077
242 2087
242 2079
242 2093
242 2095
242 2103
242 2109
242 2175
242 2289
242 2292
242 2311
242 2317
242 2319
242 2343
242 2349
242 2351
242 2359
242 2365
242 2432
242 2567
242 2583
242 2575
242 2573
242 2589
242 2591
242 2615
242 2621
242 2623
242 2639
242 2704
242 2757
242 2801
242 2804
242 2823
242 2829
242 2839
242 2845
242 2847
242 2855
242 2861
242 2863
242 2895
242 2951
242 2957
242 2960
242 2976
242 3013
242 3014
242 3017
242 3041
242 3044
242 3045
242 3095
242 3101
242 3111
242 3103
242 3117
242 3119
242 3127
242 3133
242 3186
242 3192
242 3199
242 3216
242 3335
242 3341
242 3343
242 3367
242 3373
242 3383
242 3375
242 3389
242 3391
242 3504
242 3520
242 3525
242 3552
242 3591
242 3597
242 3599
242 3607
242 3613
242 3639
242 3645
242 3647
242 3663
242 3781
242 3847
242 3869
242 3853
242 3863
242 3871
242 3887
242 3919
242 3968
242 3983
242 3984
242 4036
242 4042
242 835
242 996
244 1203
244 1212
244 1272
244 1867
244 1923
244 2074
244 2079
244 2095
244 2106
244 2107
244 2110
244 2143
244 2159
244 2160
244 2224
244 2227
244 2229
244 2236
244 2314
244 2351
244 2362
244 2383
244 2415
244 2501
244 2575
244 2586
244 2591
244 2618
244 2623
244 2655
244 2639
244 2757
244 2826
244 2827
244 2830
244 2842
244 2846
244 2847
244 2863
244 2895
244 2927
244 2944
244 2947
244 2956
244 2960
244 3099
244 3098
244 3102
244 3103
244 3119
244 3130
244 3167
244 3168
244 3183
244 3195
244 3198
244 3253
244 3338
244 3343
244 3370
244 3375
244 3386
244 3391
244 3407
244 3439
244 3440
244 3456
244 3509
244 3552
244 3595
244 3598
244 3610
244 3599
244 3615
244 3642
244 3643
244 3663
244 3679
244 3711
244 3781
244 3850
244 3866
244 3870
244 3871
244 3887
244 3904
244 3915
244 3918
244 3951
244 3984
244 908
246 2107
246 2895
246 2960
246 3248
248 1081
248 124
248 1268
248 1868
248 2077
248 2079
248 2087
248 2093
248 2095
248 2103
248 2160
248 2163
248 2172
248 2175
248 2192
248 2224
248 2261
248 2311
248 2317
248 2343
248 2319
248 2349
248 2351
248 2365
248 2359
248 2367
248 2432
248 2480
248 2501
248 2533
248 2567
248 2573
248 2583
248 2589
248 2591
248 2615
248 2621
248 2639
248 2704
248 2736
248 2757
248 2768
248 2773
248 2823
248 2829
248 2839
248 2845
248 2847
248 2855
248 2861
248 2863
248 2882
248 2883
248 2888
248 2892
248 2895
248 2944
248 2959
248 2976
248 3013
248 3095
248 3101
248 3103
248 3111
248 3117
248 3119
248 3127
248 3133
248 3187
248 3196
248 3199
248 3216
248 3255
248 3285
248 3316
248 3335
248 3341
248 3343
248 3367
248 3373
248 3375
248 3389
248 3383
248 3391
248 3407
248 3456
248 3504
248 3525
248 3530
248 3557
248 3591
248 3597
248 3599
248 3607
248 3613
248 3615
248 3639
248 3645
248 3647
248 3728
248 3760
248 3781
248 3792
248 3797
248 3847
248 3853
248 3863
248 3869
248 3871
248 3879
248 3885
248 3887
248 3907
248 3916
248 3919
248 3968
248 4000
248 4037
248 4069
248 844
248 846
248 993
249 1148
249 2163
249 2639
249 2883
249 2960
249 3488
249 3728
249 3829
249 3919
249 3984
249 4069
262 2256
262 2769
262 2772
262 3130
262 3297
263 1291
263 2074
263 2106
263 2143
263 2192
263 2199
263 2258
263 2264
263 2274
263 2277
263 2290
263 2280
263 2296
263 2298
263 2383
263 2415
263 2447
263 2528
263 2530
263 2533
263 2536
263 2544
263 2546
263 2552
263 2586
263 2618
263 2752
263 2754
263 2760
263 2768
263 2770
263 2776
263 2800
263 2802
263 2808
263 2858
263 2895
263 2927
263 3010
263 3016
263 3024
263 3026
263 3032
263 3042
263 3040
263 3048
263 3199
263 3216
263 3280
263 3282
263 3298
263 3304
263 3314
263 3320
263 3407
263 3554
263 3557
263 3560
263 3568
263 3570
263 3576
263 3610
263 3642
263 3637
263 3647
263 3778
263 3776
263 3784
263 3792
263 3794
263 3800
263 3824
263 3826
263 3832
263 3866
263 3877
263 3882
263 3887
263 3919
263 3951
263 4034
263 4040
263 4048
263 4050
263 4056
263 4064
263 4066
263 4072
265 2192
265 2533
265 3280
265 3777
265 3780
267 1388
267 2143
267 2147
267 2156
267 2159
267 2175
267 2192
267 2224
267 2239
267 2256
267 2260
267 2272
267 2273
267 2276
267 2277
267 2293
267 2298
267 2383
267 2480
267 2501
267 2529
267 2528
267 2532
267 2533
267 2544
267 2575
267 2618
267 2704
267 2752
267 2757
267 2753
267 2756
267 2768
267 2769
267 2772
267 2800
267 2858
267 2863
267 2890
267 2960
267 3013
267 3024
267 3028
267 3040
267 3045
267 3130
267 3183
267 3216
267 3248
267 3263
267 3280
267 3296
267 3301
267 3317
267 3488
267 3504
267 355
267 3552
267 3557
267 3568
267 3569
267 3599
267 3615
267 3642
267 3728
267 3760
267 3776
267 3792
267 3824
267 3829
267 3850
267 3866
267 3882
267 3887
267 3914
267 3984
267 4037
267 4048
267 4064
267 4069
267 595
267 61
267 781
269 1067
269 2091
269 2094
269 2106
269 2159
269 2192
269 2256
269 2258
269 2264
269 2272
269 2274
269 2277
269 2280
269 2290
269 2296
269 2432
269 2498
269 2504
269 2528
269 2530
269 2533
269 2536
269 2544
269 2546
269 2552
269 2618
269 2623
269 2754
269 2760
269 2768
269 2770
269 2773
269 2776
269 2800
269 2802
269 2808
269 2858
269 2863
269 2912
269 3010
269 3024
269 3026
269 3032
269 3040
269 3042
269 3048
269 3130
269 3167
269 3216
269 3282
269 3288
269 3296
269 3298
269 3304
269 3314
269 3320
269 3322
269 3456
269 3469
269 3552
269 3554
269 3557
269 3560
269 3568
269 3570
269 3576
269 3642
269 3778
269 3784
269 3792
269 3794
269 3797
269 3800
269 3824
269 3826
269 3832
269 3866
269 3882
269 3936
269 4034
269 4040
269 4050
269 4048
269 4056
269 4064
269 4066
269 4072
269 600
269 941
270 1293
270 1379
270 2106
270 2192
270 2224
270 2256
270 2272
270 2276
270 2277
270 2293
270 2298
270 2464
270 2480
270 2528
270 2533
270 2544
270 2545
270 2548
270 2591
270 2618
270 2704
270 2736
270 2757
270 2768
270 2800
270 2842
270 2858
270 2895
270 2960
270 3013
270 3024
270 3040
270 3041
270 3044
270 3045
270 3167
270 3183
270 3216
270 3280
270 3281
270 3284
270 3285
270 3296
270 3301
270 3322
270 3407
270 3488
270 3504
270 3521
270 3524
270 3552
270 3553
270 3556
270 3557
270 3568
270 3599
270 364
270 3642
270 3647
270 3728
270 3760
270 3776
270 3781
270 3792
270 3793
270 3796
270 3824
270 3829
270 3882
270 3919
270 3984
270 4037
270 4048
270 4064
270 4069
270 55
270 604
270 775
294 2159
294 2768
294 3183
294 3572
294 3728
294 4048
294 4049
294 4052
294 4069
295 2106
295 2143
295 2159
295 2175
295 2192
295 2256
295 2258
295 2264
295 2274
295 2277
295 2280
295 2290
295 2296
295 2298
295 2479
295 2496
295 2498
295 2504
295 2533
295 2544
295 2546
295 2552
295 2554
295 2586
295 2640
295 2655
295 2704
295 2752
295 2754
295 2760
295 2768
295 2800
295 2802
295 2808
295 2826
295 2895
295 2896
295 2927
295 2981
295 3010
295 3016
295 3024
295 3026
295 3032
295 3042
295 3040
295 3045
295 3048
295 3130
295 3167
295 3183
295 3199
295 3244
295 3280
295 3282
295 3288
295 3298
295 3304
295 3314
295 3320
295 3338
295 3520
295 3522
295 3528
295 3554
295 3560
295 3568
295 3570
295 3576
295 3610
295 3679
295 3715
295 3724
295 3728
295 3776
295 3778
295 3784
295 3792
295 3800
295 3824
295 3826
295 3832
295 3850
295 3919
295 3951
295 4034
295 4040
295 4048
295 4050
295 4056
295 4064
295 4066
295 4069
295 4072
295 643
297 2175
297 2704
297 3045
297 3199
297 3569
297 3572
297 3792
297 4048
297 4049
297 4052
299 1395
299 1660
299 1900
299 2074
299 2192
299 2224
299 2239
299 2256
299 2257
299 2260
299 2261
299 2272
299 2273
299 2276
299 2277
299 2293
299 2415
299 2419
299 2428
299 2480
299 2496
299 2497
299 2500
299 2501
299 2533
299 2534
299 2544
299 2545
299 2548
299 2565
299 2618
299 2704
299 2736
299 2752
299 2756
299 2800
299 2801
299 2804
299 2821
299 2858
299 2899
299 2908
299 2944
299 3012
299 3009
299 3013
299 3028
299 3025
299 3040
299 3041
299 3044
299 3045
299 3130
299 3199
299 3216
299 3248
299 3280
299 3263
299 3285
299 3296
299 3301
299 3317
299 3504
299 3520
299 3525
299 3557
299 3568
299 3642
299 3647
299 3728
299 3760
299 3776
299 3792
299 3824
299 3845
299 3850
299 3882
299 3914
299 3968
299 4033
299 4037
299 4069
299 627
299 867
301 1196
301 2143
301 2175
301 2192
301 2256
301 2258
301 2264
301 2272
301 2274
301 2277
301 2280
301 2290
301 2296
301 2464
301 2496
301 2498
301 2504
301 2533
301 2544
301 2546
301 2552
301 2586
301 2704
301 2752
301 2754
301 2760
301 2770
301 2768
301 2800
301 2802
301 2805
301 2808
301 2826
301 2843
301 2846
301 2895
301 2927
301 3010
301 3016
301 3024
301 3026
301 3032
301 3042
301 3045
301 3048
301 3098
301 3103
301 3130
301 3167
301 3280
301 3282
301 3288
301 3298
301 3314
301 3304
301 3320
301 3322
301 3488
301 3501
301 3520
301 3522
301 3528
301 3568
301 3570
301 3576
301 3642
301 3664
301 3728
301 3776
301 3778
301 3784
301 3792
301 3794
301 3800
301 3824
301 3826
301 3829
301 3832
301 3850
301 3919
301 4005
301 4034
301 4040
301 4048
301 4050
301 4056
301 4064
301 4066
301 4069
301 4072
302 1651
302 1891
302 2106
302 2192
302 2224
302 2273
302 2256
302 2277
302 2272
302 2293
302 2496
302 2480
302 2500
302 2501
302 2533
302 2544
302 2618
302 2623
302 2752
302 2753
302 2756
302 2757
302 2768
302 2800
302 2944
302 3009
302 3012
302 3013
302 3025
302 3028
302 3098
302 3103
302 3130
302 3216
302 3248
302 3280
302 3281
302 3284
302 3285
302 3296
302 3301
302 3439
302 3456
302 3504
302 3520
302 3521
302 3524
302 3525
302 3557
302 3568
302 3642
302 3728
302 3776
302 3781
302 3792
302 3793
302 3796
302 3797
302 380
302 3824
302 3825
302 3828
302 3919
302 3939
302 3948
302 3951
302 3968
302 3984
302 4037
302 4068
302 4065
302 4069
302 860
302 876
302 977
310 2159
310 2175
310 2277
310 2544
310 3024
310 3569
310 3572
310 3728
310 3919
310 3923
310 3932
310 4049
310 4052
310 4069
311 1187
311 1667
311 2074
311 2106
311 2159
311 2256
311 2258
311 2264
311 2272
311 2277
311 2290
311 2296
311 2298
311 2415
311 2496
311 2498
311 2504
311 2528
311 2530
311 2536
311 2546
311 2552
311 2618
311 2687
311 2703
311 2704
311 2752
311 2768
311 2770
311 2776
311 2800
311 2802
311 2808
311 2826
311 2858
311 2896
311 2895
311 2927
311 3010
311 3016
311 3024
311 3026
311 3032
311 3040
311 3042
311 3045
311 3048
311 3098
311 3130
311 3167
311 3183
311 3199
311 3231
311 3280
311 3282
311 3288
311 3296
311 3301
311 3304
311 3314
311 3320
311 3439
311 3520
311 3522
311 3528
311 3552
311 3560
311 3570
311 3576
311 3610
311 3642
311 3727
311 3728
311 3776
311 3778
311 3784
311 3792
311 3794
311 3800
311 3824
311 3826
311 3832
311 3850
311 3866
311 3882
311 3914
311 3919
311 3951
311 4034
311 4040
311 4050
311 4048
311 4064
311 4069
311 4066
311 4072
313 2159
313 3199
313 3919
313 4048
315 1123
315 1252
315 1395
315 1549
315 1732
315 2147
315 2159
315 2170
315 2192
315 2224
315 2239
315 2256
315 2272
315 2261
315 2273
315 2276
315 2277
315 2432
315 2496
315 2528
315 2533
315 2545
315 2548
315 2736
315 2752
315 2753
315 2756
315 2800
315 2773
315 2821
315 2944
315 3013
315 3024
315 3012
315 3025
315 3028
315 3030
315 3040
315 3046
315 3049
315 3130
315 3167
315 3194
315 3216
315 3248
315 3263
315 3280
315 3285
315 3296
315 3301
315 3313
315 3317
315 3456
315 3508
315 3505
315 3520
315 3521
315 3525
315 3552
315 3557
315 3642
315 3776
315 3781
315 3792
315 3797
315 3833
315 3871
315 3968
315 3984
315 4036
315 4037
315 4048
315 4064
315 4070
315 4073
315 705
317 1180
317 1676
317 2106
317 2159
317 2175
317 2256
317 2258
317 2264
317 2272
317 2277
317 2290
317 2296
317 2496
317 2498
317 2504
317 2528
317 2530
317 2533
317 2536
317 2546
317 2552
317 2618
317 2704
317 2752
317 2768
317 2770
317 2776
317 2800
317 2802
317 2805
317 2808
317 2826
317 2858
317 2895
317 3010
317 3024
317 3016
317 3032
317 3026
317 3040
317 3042
317 3045
317 3048
317 3098
317 3130
317 3167
317 3183
317 3282
317 3280
317 3288
317 3296
317 3298
317 3304
317 3314
317 3320
317 3439
317 3488
317 3504
317 3520
317 3528
317 3522
317 3552
317 3554
317 3560
317 3570
317 3576
317 3642
317 3728
317 3776
317 3778
317 3784
317 3792
317 3794
317 3800
317 3824
317 3826
317 3829
317 3832
317 3850
317 3882
317 3919
317 3920
317 4034
317 4040
317 4048
317 4050
317 4056
317 4064
317 4066
317 4069
317 4072
318 1132
318 1543
318 1729
318 2106
318 2159
318 2175
318 2192
318 2224
318 2256
318 2272
318 2277
318 2293
318 2298
318 2432
318 2464
318 2496
318 2497
318 2501
318 2528
318 2533
318 2575
318 2618
318 2749
318 2752
318 2743
318 2757
318 2773
318 2800
318 2805
318 2960
318 2944
318 2967
318 2976
318 3013
318 3024
318 3041
318 3040
318 3044
318 3180
318 3199
318 3216
318 3248
318 3280
318 3285
318 3296
318 3297
318 3301
318 3300
318 3317
318 3456
318 3488
318 3520
318 3525
318 3552
318 3553
318 3556
318 3557
318 3572
318 3569
318 3599
318 3647
318 3760
318 3773
318 3767
318 3776
318 3777
318 3780
318 3781
318 3797
318 3824
318 3829
318 3968
318 3984
318 4033
318 4036
318 4037
318 4049
318 4048
318 4052
318 4064
318 4068
318 4065
322 3520
322 3607
322 3613
323 2175
323 2192
323 2220
323 2224
323 2272
323 2277
323 2282
323 2319
323 2351
323 2367
323 2480
323 2613
323 2623
323 2691
323 2703
323 2700
323 2736
323 2752
323 2757
323 2847
323 2858
323 2863
323 2912
323 2944
323 2959
323 2960
323 3103
323 3183
323 3194
323 3199
323 3248
323 3263
323 3280
323 3296
323 3301
323 3306
323 3317
323 3370
323 3375
323 3391
323 3424
323 3488
323 3520
323 3557
323 3568
323 3599
323 3615
323 3637
323 3642
323 3647
323 3711
323 3727
323 3760
323 3765
323 3776
323 3781
323 3824
323 3829
323 3861
323 3871
323 3882
323 3887
323 3904
323 3936
323 3968
323 3984
323 4000
328 2197
328 2496
328 2538
328 3375
328 3522
328 3528
328 3552
331 2858
331 3199
331 3386
331 3882
332 2175
332 2211
332 2224
332 2220
332 2261
332 2272
332 2277
332 2346
332 2464
332 2480
332 2544
332 2591
332 2618
332 2623
332 2640
332 2687
332 2691
332 2700
332 2736
332 2752
332 2757
332 2768
332 2805
332 2847
332 2858
332 2863
332 2912
332 2944
332 2960
332 2976
332 2981
332 3040
332 3216
332 3248
332 3296
332 3301
332 3317
332 3370
332 3386
332 3381
332 3391
332 3488
332 3504
332 3552
332 3557
332 3568
332 3615
332 3647
332 3663
332 3679
332 3711
332 3727
332 3760
332 3776
332 3781
332 3792
332 3797
332 3824
332 3829
332 3871
332 3887
332 3919
332 3936
332 3968
332 3983
332 3984
332 4000
334 2842
334 2826
334 2858
334 3642
334 3850
334 3882
354 2581
354 2623
354 2922
354 3645
354 3792
355 1054
355 1294
355 2074
355 2095
355 2159
355 2207
355 2224
355 2229
355 2239
355 2261
355 2293
355 2319
355 2351
355 2367
355 2415
355 2483
355 2492
355 2496
355 2501
355 2544
355 2575
355 2581
355 2591
355 2623
355 267
355 27
355 2752
355 2757
355 2842
355 2847
355 2858
355 2863
355 2890
355 2912
355 2922
355 2944
355 2959
355 2963
355 2976
355 3013
355 3119
355 3183
355 3199
355 3219
355 3228
355 3248
355 3253
355 3296
355 3317
355 3370
355 3375
355 3391
355 3456
355 3459
355 3468
355 3520
355 3525
355 3530
355 3552
355 3568
355 3599
355 3647
355 3658
355 3711
355 3760
355 3776
355 3781
355 3792
355 3797
355 3871
355 3887
355 3936
355 3968
355 3983
355 3999
355 4000
355 4042
360 2528
360 3554
360 3560
360 3647
363 2496
363 2858
363 3297
363 3610
363 3776
363 3780
363 3951
364 1291
364 2159
364 2195
364 2204
364 2256
364 2261
364 2272
364 2293
364 2363
364 2367
364 2432
364 2435
364 2444
364 2464
364 2480
364 2483
364 2496
364 2501
364 2528
364 2544
364 2619
364 2622
364 2623
364 270
364 2752
364 2757
364 2768
364 2773
364 2800
364 2805
364 2826
364 2843
364 2847
364 2858
364 2895
364 2912
364 2944
364 2959
364 2972
364 2976
364 30
364 3024
364 3040
364 3167
364 318
364 3183
364 3199
364 3231
364 3248
364 3280
364 3285
364 3296
364 3301
364 3317
364 3375
364 3370
364 3391
364 3488
364 3520
364 3525
364 3568
364 3605
364 3615
364 3647
364 3711
364 3776
364 3781
364 3792
364 3829
364 3824
364 3845
364 3850
364 3871
364 3882
364 3887
364 3904
364 3936
364 3946
364 3968
364 3983
364 3999
364 4000
364 4048
364 4064
364 798
366 2432
366 2773
366 3520
366 3776
370 2552
370 3391
370 3407
370 3568
371 1339
371 1550
371 2095
371 2159
371 2207
371 2224
371 2229
371 2256
371 2272
371 2282
371 2293
371 2319
371 2351
371 2362
371 2367
371 2480
371 2506
371 2591
371 2623
371 2639
371 2736
371 2703
371 2739
371 2748
371 2752
371 2757
371 2837
371 2858
371 2890
371 2944
371 2960
371 2976
371 2979
371 2988
371 3183
371 3184
371 3216
371 3235
371 3244
371 3248
371 3253
371 3280
371 3285
371 3301
371 3304
371 3317
371 3343
371 3386
371 3456
371 3520
371 3525
371 3530
371 3552
371 3557
371 3578
371 3599
371 3615
371 3647
371 3715
371 3724
371 3760
371 3763
371 3772
371 3778
371 3776
371 3781
371 3784
371 3797
371 3882
371 3887
371 3914
371 3968
371 3973
371 3984
371 4000
371 4003
371 4012
371 523
371 795
376 2367
376 3013
376 3743
376 4037
379 2175
379 2272
379 2752
379 3199
379 3456
379 3797
379 3866
380 1512
380 1547
380 1752
380 2159
380 2192
380 2211
380 2220
380 2224
380 2256
380 2272
380 2277
380 2314
380 2432
380 2480
380 2496
380 2501
380 2528
380 2533
380 2544
380 2571
380 2574
380 2623
380 2691
380 2700
380 2736
380 2752
380 2757
380 2768
380 2773
380 2800
380 2858
380 2880
380 2863
380 2912
380 2944
380 2976
380 302
380 3183
380 3199
380 3216
380 3248
380 3247
380 3280
380 3285
380 3296
380 3301
380 3306
380 3370
380 3391
380 3456
380 3504
380 3520
380 3525
380 3530
380 3552
380 3557
380 3599
380 3647
380 3663
380 3711
380 3727
380 3760
380 3776
380 3781
380 3792
380 3797
380 3845
380 3871
380 3882
380 3904
380 3887
380 3920
380 3936
380 3968
380 3983
380 3984
380 4000
380 4048
380 526
380 542
380 728
380 798
382 2362
382 3199
382 3569
382 3572
382 3776
382 3882
385 2074
385 2415
385 3115
385 3118
385 3119
385 3375
385 3598
385 4037
387 1508
387 1748
387 2074
387 2079
387 2095
387 2106
387 2229
387 2298
387 2319
387 2351
387 2346
387 2362
387 2367
387 2383
387 2403
387 2412
387 2415
387 2528
387 2565
387 2575
387 2586
387 2613
387 2591
387 2623
387 2618
387 2643
387 2652
387 2687
387 2821
387 2847
387 2858
387 2863
387 2895
387 2906
387 2927
387 2944
387 3013
387 3040
387 3103
387 3119
387 3130
387 3237
387 3253
387 3296
387 3290
387 3317
387 3322
387 3365
387 3370
387 3375
387 3386
387 3391
387 3407
387 3520
387 3568
387 3578
387 3599
387 3610
387 3615
387 3637
387 3642
387 3647
387 3663
387 3706
387 3711
387 3760
387 3845
387 3871
387 3882
387 3887
387 3904
387 3919
387 3951
387 3968
387 4042
387 4048
387 4064
387 481
387 721
388 2351
388 3115
388 3118
388 3098
388 3119
388 3439
388 3525
391 2319
396 1505
396 1745
396 2095
396 2229
396 2256
396 2266
396 2272
396 2346
396 2351
396 2362
396 2367
396 2501
396 2496
396 2528
396 2544
396 2581
396 2586
396 2613
396 2618
396 2623
396 2736
396 2752
396 2826
396 2839
396 2847
396 2858
396 2863
396 2895
396 2912
396 2927
396 3013
396 3024
396 3040
396 3103
396 3098
396 3119
396 3130
396 3237
396 3253
396 3248
396 3296
396 3343
396 3370
396 3375
396 3386
396 3391
396 3407
396 3427
396 3436
396 3439
396 3520
396 3525
396 3552
396 3557
396 3568
396 3578
396 3599
396 3615
396 3637
396 3642
396 3647
396 3667
396 3676
396 3760
396 3850
396 3866
396 3882
396 3887
396 3919
396 3936
396 395
396 3984
396 4037
396 4064
396 484
396 724
417 2533
417 2586
417 2927
417 3301
417 3387
417 3390
417 3867
417 3887
419 1233
419 2020
419 2079
419 2095
419 2106
419 2147
419 2156
419 2207
419 2224
419 2256
419 2272
419 2362
419 2367
419 2565
419 2575
419 2586
419 2618
419 2623
419 2636
419 2675
419 2684
419 2821
419 2842
419 2847
419 2858
419 2863
419 2895
419 2906
419 2924
419 2915
419 2927
419 2944
419 2960
419 2976
419 3013
419 3040
419 3103
419 3119
419 3130
419 3168
419 3183
419 3248
419 3280
419 3296
419 3317
419 3338
419 3343
419 3375
419 3386
419 3391
419 3439
419 3461
419 3509
419 3525
419 3568
419 3599
419 3642
419 3647
419 3679
419 3850
419 3866
419 3871
419 3882
419 3887
419 3919
419 3936
419 3968
419 3984
419 4048
419 753
419 993
420 2347
420 2350
420 2863
420 3870
420 4037
423 3367
423 3373
428 1252
428 2017
428 2095
428 2106
428 2156
428 2147
428 2159
428 2207
428 2256
428 2272
428 2319
428 2362
428 2496
428 2544
428 2575
428 2613
428 2618
428 2627
428 2636
428 2752
428 2768
428 2826
428 2842
428 2847
428 2858
428 2863
428 2895
428 2912
428 2960
428 3013
428 3024
428 3040
428 3103
428 3119
428 3130
428 3167
428 3168
428 3280
428 3296
428 3343
428 3375
428 3386
428 3407
428 3509
428 3520
428 3525
428 3599
428 3610
428 3639
428 3679
428 3699
428 3708
428 3776
428 3792
428 3850
428 3866
428 3871
428 3882
428 3879
428 3885
428 3887
428 3919
428 3939
428 3936
428 3948
428 3951
428 3968
428 3984
428 4037
428 4042
428 4048
428 4064
428 756
428 996
429 2256
429 3282
429 3288
429 3375
433 2842
433 3285
433 3301
433 3317
433 3387
433 3390
433 3525
433 3867
433 3870
433 4037
435 1249
435 2079
435 2095
435 2159
435 2272
435 2282
435 2319
435 2351
435 2367
435 2383
435 2575
435 2591
435 2613
435 2618
435 2623
435 2639
435 2655
435 2687
435 2842
435 2847
435 2858
435 2863
435 2895
435 2927
435 3103
435 3119
435 3130
435 3280
435 3296
435 3306
435 3301
435 3343
435 3375
435 3391
435 3407
435 3520
435 3525
435 3552
435 3557
435 3568
435 3599
435 3615
435 3637
435 3642
435 3647
435 3658
435 3663
435 3711
435 3717
435 3845
435 3850
435 3882
435 3887
435 3919
435 3951
435 3968
435 3999
435 4048
435 4058
435 993
436 2501
436 3013
436 3525
436 4037
439 3119
444 1252
444 1524
444 2095
444 2106
444 2239
444 2256
444 2272
444 2314
444 2351
444 2403
444 2412
444 2496
444 2501
444 2528
444 2506
444 2544
444 2591
444 2618
444 2639
444 2652
444 2643
444 2655
444 2693
444 2736
444 2826
444 2847
444 2858
444 2863
444 3013
444 3024
444 3034
444 3103
444 3111
444 3117
444 3119
444 3125
444 3247
444 3253
444 3263
444 3280
444 3296
444 3338
444 3343
444 3375
444 3391
444 3407
444 3520
444 3525
444 3530
444 3591
444 3597
444 3599
444 3615
444 3647
444 3676
444 3679
444 3711
444 3713
444 3760
444 3845
444 3850
444 3866
444 3871
444 3882
444 3887
444 3919
444 3973
444 4037
444 4048
444 4054
444 4057
444 4064
445 2095
445 3391
449 2079
449 2091
449 2094
449 2095
449 2106
449 2143
449 2159
449 2175
449 2314
449 2346
449 2363
449 2366
449 2367
449 2480
449 2571
449 2575
449 2586
449 2591
449 2618
449 2639
449 2655
449 2687
449 2757
449 2826
449 2842
449 2858
449 2847
449 2863
449 2895
449 2927
449 2960
449 3103
449 3119
449 3130
449 3167
449 3183
449 3199
449 3338
449 3370
449 3371
449 3374
449 3375
449 3386
449 3391
449 3439
449 3456
449 3504
449 3599
449 3610
449 3611
449 3615
449 3642
449 3647
449 3663
449 3679
449 3711
449 3781
449 3797
449 3824
449 3850
449 3866
449 3871
449 3882
449 3887
449 3919
449 3951
449 3984
450 1123
450 1603
450 2071
450 2077
450 2079
450 2087
450 2093
450 2095
450 2103
450 2109
450 2143
450 2261
450 2277
450 2293
450 2311
450 2314
450 2317
450 2343
450 2349
450 2351
450 2359
450 2365
450 2367
450 2383
450 2567
450 2573
450 2583
450 2589
450 2615
450 2621
450 2623
450 2655
450 2704
450 2736
450 2752
450 2823
450 2826
450 2829
450 2839
450 2845
450 2847
450 2855
450 2861
450 2863
450 2890
450 2944
450 2960
450 3013
450 3045
450 3095
450 3101
450 3111
450 3117
450 3103
450 3119
450 3127
450 3133
450 3167
450 3317
450 3367
450 3373
450 3375
450 3383
450 3391
450 3389
450 3407
450 3488
450 3504
450 3591
450 3597
450 3607
450 3613
450 3639
450 3647
450 3645
450 3735
450 3741
450 3760
450 3776
450 3824
450 3829
450 3847
450 3850
450 3853
450 3863
450 3869
450 3879
450 3871
450 3885
450 3887
450 3914
450 3968
450 4000
450 4048
450 4064
450 4069
452 2095
452 2106
452 2143
452 2160
452 2175
452 2282
452 2298
452 2314
452 2318
452 2315
452 2346
452 2350
452 2347
452 2351
452 2363
452 2367
452 2366
452 2432
452 2575
452 2586
452 2590
452 2591
452 2623
452 2639
452 2655
452 2687
452 2736
452 2757
452 2773
452 2826
452 2842
452 2847
452 2858
452 2863
452 2890
452 2927
452 2949
452 3119
452 3130
452 3183
452 3184
452 3199
452 3301
452 3338
452 3370
452 3375
452 3386
452 3387
452 3391
452 3488
452 3599
452 3610
452 3615
452 3642
452 3647
452 3663
452 3679
452 3711
452 3760
452 3781
452 3829
452 3850
452 3866
452 3871
452 3882
452 3887
452 3919
452 3951
452 3984
452 4000
454 2143
454 2826
454 2976
454 3103
454 4000
456 2071
456 2077
456 2079
456 2095
456 2093
456 2103
456 2109
456 2143
456 2224
456 2261
456 2277
456 2293
456 2311
456 2343
456 2349
456 2359
456 2365
456 2367
456 2464
456 2480
456 2573
456 2567
456 2575
456 2583
456 2589
456 2615
456 2621
456 2623
456 2672
456 2704
456 2736
456 2805
456 2823
456 2829
456 2839
456 2845
456 2855
456 2847
456 2861
456 2863
456 2944
456 2960
456 2976
456 3013
456 3040
456 3045
456 3095
456 3101
456 3103
456 3111
456 3117
456 3119
456 3127
456 3133
456 3167
456 3171
456 3180
456 3248
456 3285
456 3301
456 3317
456 3335
456 3341
456 3367
456 3373
456 3375
456 3383
456 3389
456 3391
456 3504
456 3591
456 3607
456 3597
456 3613
456 3639
456 3645
456 3647
456 3660
456 3728
456 3760
456 3781
456 3824
456 3847
456 3853
456 3863
456 3869
456 3871
456 3879
456 3885
456 3887
456 3968
456 3984
456 4000
456 4037
456 4064
456 4069
457 2079
457 2826
457 3167
481 1180
481 1420
481 147
481 1506
481 2079
481 2106
481 2143
481 2175
481 2256
481 2293
481 2314
481 2319
481 2367
481 2571
481 2574
481 2575
481 2591
481 2623
481 2639
481 2655
481 2826
481 2846
481 2847
481 2895
481 3102
481 3099
481 3103
481 3119
481 3130
481 3134
481 3167
481 3183
481 3199
481 3317
481 3338
481 3339
481 3342
481 3343
481 3374
481 3386
481 3391
481 3407
481 3488
481 3599
481 3610
481 3615
481 3642
481 3647
481 3679
481 3728
481 3781
481 3829
481 3850
481 3866
481 387
481 3871
481 3882
481 3919
481 3951
481 4064
481 4069
482 1395
482 151
482 1875
482 2071
482 2077
482 2087
482 2103
482 2093
482 2109
482 2277
482 2311
482 2314
482 2317
482 2319
482 2343
482 2349
482 2359
482 2367
482 2365
482 2567
482 2575
482 2583
482 2586
482 2589
482 2591
482 2615
482 2621
482 2623
482 2655
482 2704
482 2736
482 2752
482 2753
482 2823
482 2829
482 2839
482 2845
482 2847
482 2863
482 2927
482 2944
482 2960
482 3095
482 3101
482 3111
482 3117
482 3127
482 3133
482 3296
482 3317
482 3335
482 3338
482 3341
482 3343
482 3367
482 3383
482 3389
482 3391
482 3439
482 3488
482 3504
482 3591
482 3599
482 3597
482 3607
482 3613
482 3647
482 3679
482 3728
482 3743
482 3760
482 3824
482 3829
482 3847
482 3853
482 3863
482 3869
482 3871
482 3885
482 3887
482 3914
482 3968
482 3984
482 4069
484 1411
484 156
484 2075
484 2078
484 2079
484 2095
484 2106
484 2143
484 2159
484 2175
484 2298
484 2314
484 2315
484 2318
484 2319
484 2363
484 2366
484 2367
484 2571
484 2575
484 2574
484 2591
484 2618
484 2619
484 2622
484 2623
484 2639
484 2655
484 2687
484 2691
484 2700
484 2826
484 2842
484 2843
484 2846
484 2847
484 2858
484 2895
484 2949
484 3013
484 3024
484 3103
484 3119
484 3130
484 3167
484 3183
484 3199
484 3280
484 3317
484 3338
484 3343
484 3407
484 3391
484 3599
484 3615
484 3642
484 3647
484 3663
484 3675
484 3679
484 3711
484 3792
484 3850
484 3854
484 3871
484 3882
484 3887
484 3919
484 396
484 3968
484 3973
486 3118
486 3615
488 2071
488 2077
488 2087
488 2093
488 2103
488 2109
488 2293
488 2311
488 2314
488 2317
488 2319
488 2359
488 2365
488 2367
488 2378
488 2432
488 2464
488 2480
488 2567
488 2573
488 2591
488 2615
488 2623
488 2621
488 2655
488 2719
488 2773
488 2805
488 2823
488 2826
488 2829
488 2839
488 2845
488 2847
488 2863
488 2944
488 2976
488 3095
488 3101
488 3111
488 3117
488 3119
488 3127
488 3133
488 3167
488 3285
488 3317
488 3335
488 3338
488 3341
488 3343
488 3383
488 3391
488 3389
488 3443
488 3452
488 3456
488 3488
488 3591
488 3597
488 3607
488 3613
488 3615
488 3639
488 3647
488 3679
488 3792
488 3797
488 380
488 3829
488 3847
488 3853
488 3863
488 3869
488 3871
488 3879
488 3885
488 3887
488 3923
488 3932
488 3968
488 3984
488 4000
489 2591
489 2960
489 3338
489 3984
497 1196
497 1459
497 1522
497 163
497 1676
497 2024
497 2079
497 2095
497 2159
497 2272
497 2314
497 2315
497 2319
497 2346
497 2351
497 2362
497 2383
497 2415
497 2566
497 2575
497 2591
497 2618
497 2619
497 2639
497 2655
497 2687
497 2752
497 2757
497 2826
497 2847
497 2858
497 2862
497 2863
497 2895
497 3103
497 3115
497 3118
497 3119
497 3130
497 3167
497 3183
497 3199
497 3338
497 3343
497 3375
497 3387
497 3407
497 3390
497 3439
497 3504
497 3595
497 3598
497 3599
497 3615
497 3642
497 3663
497 3679
497 3781
497 3850
497 3866
497 3867
497 3870
497 3883
497 3886
497 3887
497 3914
497 3919
497 3984
497 643
497 915
497 931
498 1732
498 1875
498 2071
498 2077
498 2087
498 2079
498 2093
498 2095
498 2103
498 2109
498 2143
498 2207
498 2261
498 2277
498 2293
498 2317
498 2311
498 2319
498 2343
498 2349
498 2351
498 2359
498 2365
498 2432
498 2464
498 2545
498 2548
498 2567
498 2573
498 2575
498 2583
498 2589
498 2591
498 2615
498 2621
498 2623
498 2752
498 2773
498 2805
498 2826
498 2823
498 2829
498 2839
498 2845
498 2847
498 2855
498 2861
498 2863
498 2927
498 2960
498 2976
498 3040
498 3095
498 3101
498 3103
498 3111
498 3117
498 3119
498 3127
498 3133
498 3167
498 3231
498 3285
498 3296
498 3301
498 3335
498 3341
498 3343
498 3367
498 3370
498 3373
498 3375
498 3383
498 3389
498 3456
498 3504
498 3591
498 3597
498 3599
498 3607
498 3615
498 3613
498 3639
498 3645
498 3647
498 3658
498 3711
498 3760
498 3776
498 3777
498 3780
498 3781
498 3792
498 3797
498 3824
498 3847
498 3850
498 3853
498 3863
498 3871
498 3879
498 3869
498 3885
498 3999
498 4037
500 1187
500 1528
500 1667
500 172
500 2075
500 2078
500 2079
500 2091
500 2094
500 2095
500 2106
500 2143
500 2159
500 2175
500 2160
500 2282
500 2314
500 2351
500 2362
500 2363
500 2366
500 2383
500 2415
500 2483
500 2480
500 2492
500 2571
500 2574
500 2575
500 2591
500 2618
500 2623
500 2655
500 2639
500 2700
500 2757
500 2826
500 2842
500 2843
500 2846
500 2858
500 2863
500 2895
500 2960
500 3098
500 3110
500 3113
500 3103
500 3119
500 3130
500 3167
500 3183
500 3184
500 3199
500 3285
500 3296
500 3301
500 3306
500 3338
500 3339
500 3343
500 3342
500 3386
500 3375
500 3407
500 3439
500 3440
500 3451
500 3454
500 3590
500 3593
500 3599
500 3642
500 3615
500 3663
500 3679
500 3776
500 3781
500 3850
500 3866
500 3871
500 3882
500 3919
500 3931
500 3934
500 3984
500 4048
500 652
500 924
502 2277
502 2960
502 3115
502 3118
502 3595
502 3598
502 3871
504 1524
504 1729
504 1884
504 2071
504 2077
504 2079
504 2087
504 2093
504 2095
504 2103
504 2109
504 2224
504 2272
504 2293
504 2311
504 2317
504 2314
504 2319
504 2343
504 2349
504 2351
504 2359
504 2365
504 2418
504 2424
504 2432
504 2464
504 2501
504 2567
504 2573
504 2575
504 2583
504 2589
504 2591
504 2615
504 2621
504 2623
504 2634
504 2655
504 2704
504 2768
504 2773
504 2805
504 2823
504 2826
504 2829
504 2839
504 2845
504 2847
504 2855
504 2861
504 2863
504 2899
504 2908
504 2944
504 2960
504 2975
504 2976
504 3013
504 3045
504 3095
504 3101
504 3103
504 3111
504 3117
504 3119
504 3127
504 3133
504 3248
504 3285
504 3301
504 3317
504 3335
504 3341
504 3343
504 3367
504 3373
504 3375
504 3383
504 3389
504 3443
504 3456
504 3569
504 3572
504 3591
504 3597
504 3599
504 3607
504 3613
504 3615
504 3639
504 3645
504 3647
504 3760
504 3776
504 3781
504 3797
504 3847
504 3853
504 3863
504 3869
504 3871
504 3879
504 3885
504 3887
504 3914
504 3951
504 3968
504 3997
504 4000
504 4037
505 2367
505 2571
505 2574
505 2826
505 2847
505 3301
505 3317
505 3850
505 3987
505 3996
518 2159
518 2272
518 2293
518 2545
518 2548
518 2752
518 2826
518 3171
518 3183
518 3180
518 3317
518 3866
519 1342
519 1547
519 1822
519 2074
519 2106
519 2143
519 2144
519 2159
519 2175
519 2211
519 2220
519 2256
519 2258
519 2264
519 2272
519 2274
519 2280
519 2290
519 2293
519 2296
519 2314
519 2362
519 2415
519 2464
519 2485
519 2496
519 2498
519 2504
519 2528
519 2530
519 2536
519 2546
519 2552
519 2655
519 2687
519 2695
519 2701
519 2754
519 2760
519 2768
519 2770
519 2776
519 2800
519 2802
519 2808
519 2805
519 2826
519 2858
519 3010
519 3016
519 3024
519 3026
519 3032
519 3040
519 3042
519 3048
519 3167
519 3194
519 3199
519 3253
519 3280
519 3282
519 3288
519 3296
519 3298
519 3304
519 3314
519 3320
519 3370
519 3386
519 3391
519 3407
519 3520
519 3522
519 3528
519 3552
519 3554
519 3560
519 3570
519 3568
519 3576
519 3595
519 3598
519 3711
519 3715
519 3724
519 3778
519 3784
519 3792
519 3794
519 3800
519 3824
519 3826
519 3832
519 3850
519 3866
519 3882
519 3919
519 4034
519 4040
519 4048
519 4050
519 4064
519 4056
519 4066
519 4072
521 2159
521 2842
521 3183
521 3296
521 3569
521 3572
521 4049
521 4052
523 1404
523 1543
523 1884
523 2101
523 2224
523 2273
523 2276
523 2277
523 2293
523 2362
523 2419
523 2428
523 2464
523 2480
523 2496
523 2501
523 2528
523 2544
523 2545
523 2548
523 2575
523 2636
523 2639
523 2704
523 2736
523 2753
523 2757
523 2756
523 2758
523 2768
523 2800
523 2805
523 2842
523 2959
523 2960
523 2976
523 3013
523 3024
523 3025
523 3028
523 3040
523 3045
523 3183
523 3233
523 3236
523 3248
523 3263
523 3280
523 3285
523 3296
523 3301
523 3317
523 3386
523 3391
523 3488
523 3504
523 3520
523 3552
523 3568
523 3574
523 3577
523 371
523 3716
523 3727
523 3728
523 3760
523 3781
523 3792
523 3824
523 3825
523 3829
523 3861
523 3866
523 3871
523 3968
523 3983
523 3984
523 4000
523 4037
523 4048
523 4054
523 4064
523 4057
523 4069
523 851
523 99
525 1339
525 1550
525 1676
525 2143
525 2159
525 2258
525 2264
525 2272
525 2274
525 2280
525 2290
525 2293
525 2296
525 2346
525 2383
525 2367
525 2415
525 2432
525 2496
525 2498
525 2528
525 2504
525 2530
525 2533
525 2536
525 2544
525 2546
525 2552
525 2574
525 2687
525 2754
525 2760
525 2768
525 2770
525 2776
525 2800
525 2802
525 2808
525 2826
525 2847
525 2858
525 3010
525 3016
525 3024
525 3026
525 3040
525 3032
525 3042
525 3048
525 3130
525 3167
525 3168
525 3183
525 3280
525 3282
525 3288
525 3296
525 3298
525 3304
525 3314
525 3317
525 3320
525 3386
525 3390
525 3387
525 3391
525 3407
525 3456
525 3509
525 3520
525 3522
525 3552
525 3554
525 3560
525 3568
525 3570
525 3576
525 3663
525 3711
525 3778
525 3784
525 3792
525 3794
525 3797
525 3800
525 3824
525 3826
525 3832
525 3871
525 3882
525 4034
525 4040
525 4048
525 4050
525 4056
525 4064
525 4066
525 4072
526 1047
526 108
526 1116
526 1123
526 1395
526 1549
526 1875
526 2256
526 2260
526 2261
526 2272
526 2277
526 2293
526 2362
526 2367
526 2432
526 2464
526 2480
526 2497
526 2501
526 2528
526 2544
526 2550
526 2553
526 2704
526 2736
526 2757
526 2768
526 2773
526 2800
526 2805
526 2847
526 2960
526 3013
526 3024
526 3040
526 3045
526 3248
526 3253
526 3280
526 3281
526 3297
526 3300
526 3301
526 3317
526 3316
526 3386
526 3488
526 3525
526 3552
526 3568
526 3569
526 3572
526 3663
526 3777
526 3780
526 380
526 3824
526 3825
526 3829
526 3968
526 3984
526 4000
526 4037
526 4048
526 4049
526 4064
526 4052
526 4069
526 860
526 92
534 2159
534 2528
534 3488
534 3569
534 3829
535 2143
535 2175
535 2256
535 2272
535 2274
535 2280
535 2290
535 2293
535 2296
535 2314
535 2346
535 2383
535 2400
535 2464
535 2496
535 2498
535 2504
535 2528
535 2544
535 2546
535 2552
535 2639
535 2655
535 2687
535 2719
535 2741
535 2754
535 2752
535 2760
535 2800
535 2802
535 2805
535 2808
535 2826
535 3010
535 3016
535 3024
535 3026
535 3032
535 3042
535 3048
535 3167
535 3183
535 3199
535 3280
535 3282
535 3288
535 3296
535 3298
535 3304
535 3314
535 3320
535 3338
535 3375
535 3488
535 3520
535 3522
535 3528
535 3552
535 3554
535 3560
535 3568
535 3570
535 3576
535 3663
535 3679
535 3711
535 3715
535 3776
535 3778
535 3784
535 3824
535 3826
535 3829
535 3832
535 3850
535 4034
535 4037
535 4040
535 4048
535 4050
535 4056
535 4066
535 4072
535 643
537 2858
537 3183
537 3199
537 3552
537 4049
537 4052
539 1347
539 1395
539 1660
539 2106
539 2170
539 2224
539 2256
539 2261
539 2272
539 2273
539 2276
539 2277
539 2293
539 2314
539 2419
539 2428
539 2432
539 2464
539 2480
539 2496
539 2497
539 2500
539 2501
539 2528
539 2544
539 2545
539 2548
539 2736
539 2752
539 2756
539 2773
539 2801
539 2804
539 2805
539 2821
539 2944
539 2960
539 2976
539 3013
539 3024
539 3040
539 3041
539 3044
539 3199
539 3248
539 3280
539 3285
539 3296
539 3317
539 3504
539 3520
539 3525
539 3552
539 3557
539 3568
539 3760
539 3776
539 3824
539 3829
539 3833
539 3850
539 3887
539 3968
539 3984
539 4000
539 4037
539 4048
539 4064
539 627
539 867
541 2159
541 2175
541 2192
541 2272
541 2274
541 2280
541 2290
541 2296
541 2367
541 2383
541 2464
541 2496
541 2498
541 2504
541 2528
541 2530
541 2533
541 2536
541 2544
541 2754
541 2752
541 2760
541 2770
541 2776
541 2802
541 2800
541 2805
541 2808
541 3010
541 3016
541 3032
541 3026
541 3042
541 3048
541 3098
541 3199
541 3253
541 3280
541 3282
541 3296
541 3298
541 3304
541 3314
541 3320
541 3338
541 3343
541 3407
541 3424
541 3439
541 3488
541 3520
541 3552
541 3554
541 3560
541 3568
541 3570
541 3576
541 3663
541 3679
541 3765
541 3776
541 3778
541 3784
541 3800
541 3826
541 3829
541 3832
541 4034
541 4040
541 4050
541 4056
541 4066
541 4069
541 4072
542 1565
542 1651
542 2224
542 2272
542 2293
542 2464
542 2480
542 2496
542 2528
542 2544
542 2545
542 2736
542 2752
542 2800
542 2805
542 2826
542 2863
542 2944
542 2960
542 2976
542 3013
542 3040
542 3098
542 3248
542 3280
542 3285
542 3296
542 3317
542 3338
542 3488
542 3504
542 3520
542 3525
542 3556
542 3557
542 3568
542 3679
542 3760
542 3781
542 3793
542 380
542 3824
542 3825
542 3828
542 3829
542 3850
542 3968
542 4000
542 4048
542 4037
542 4064
542 4065
542 4068
542 636
542 876
566 2159
566 2293
566 2501
566 2800
566 3040
566 3317
566 4000
567 2074
567 2079
567 2106
567 2143
567 2159
567 2175
567 2256
567 2258
567 2272
567 2264
567 2274
567 2290
567 2280
567 2296
567 2314
567 2383
567 2415
567 2447
567 2479
567 2496
567 2498
567 2504
567 2530
567 2536
567 2546
567 2552
567 2639
567 2655
567 2752
567 2754
567 2760
567 2768
567 2770
567 2776
567 2808
567 2826
567 2842
567 2858
567 2895
567 2976
567 3010
567 3016
567 3024
567 3026
567 3032
567 3042
567 3040
567 3048
567 3098
567 3103
567 3130
567 3167
567 3183
567 3199
567 3280
567 3282
567 3288
567 3296
567 3298
567 3304
567 3314
567 3320
567 3338
567 3386
567 3407
567 3439
567 3522
567 3520
567 3528
567 3552
567 3554
567 3560
567 3570
567 3576
567 3663
567 3776
567 3778
567 3784
567 3792
567 3794
567 3800
567 3826
567 3832
567 3850
567 3866
567 3882
567 3919
567 3987
567 3996
567 4000
567 4034
567 4040
567 4048
567 4050
567 4056
567 4064
567 4072
567 435
569 2143
569 2175
569 2293
569 2639
569 2976
569 3167
569 3183
569 3199
569 3407
569 4064
571 2143
571 2170
571 2192
571 2207
571 2256
571 2261
571 2272
571 2277
571 2293
571 2346
571 2367
571 2412
571 2432
571 2464
571 2480
571 2496
571 2528
571 2532
571 2533
571 2544
571 2548
571 2687
571 2752
571 2753
571 2756
571 2768
571 2769
571 2772
571 2773
571 2801
571 2804
571 2805
571 2821
571 2837
571 2944
571 2959
571 2976
571 3013
571 3024
571 3130
571 3167
571 3183
571 3194
571 3216
571 3280
571 3296
571 3285
571 3301
571 3317
571 3386
571 3407
571 3456
571 3488
571 3504
571 3520
571 3525
571 3552
571 3557
571 3776
571 3781
571 3792
571 3797
571 3829
571 3968
571 3983
571 3984
571 4048
571 4064
573 1468
573 1948
573 2079
573 2143
573 2159
573 2175
573 2229
573 2256
573 2258
573 2264
573 2272
573 2274
573 2280
573 2290
573 2293
573 2296
573 2367
573 2383
573 2464
573 2496
573 2498
573 2504
573 2530
573 2536
573 2546
573 2552
573 2736
573 2752
573 2754
573 2760
573 2768
573 2770
573 2776
573 2802
573 2805
573 2808
573 2826
573 2842
573 2858
573 2976
573 3010
573 3016
573 3024
573 3026
573 3032
573 3040
573 3048
573 3098
573 3103
573 3167
573 3183
573 3199
573 3280
573 3282
573 3288
573 3296
573 3298
573 3304
573 3314
573 3317
573 3320
573 3343
573 3391
573 3407
573 3439
573 3520
573 3522
573 3528
573 3554
573 3560
573 3570
573 3576
573 3663
573 3760
573 3767
573 3773
573 3776
573 3778
573 3784
573 3792
573 3794
573 3800
573 3850
573 3871
573 4000
573 4034
573 4040
573 4048
573 4050
573 4064
573 4056
573 4066
573 4072
574 2106
574 2175
574 2192
574 2224
574 2256
574 2261
574 2272
574 2277
574 2293
574 2362
574 2432
574 2480
574 2501
574 2496
574 2528
574 2533
574 2544
574 2545
574 2548
574 2639
574 2752
574 2753
574 2756
574 2768
574 2773
574 2805
574 2944
574 2960
574 2976
574 3013
574 3024
574 3025
574 3028
574 3040
574 3167
574 3183
574 3216
574 3248
574 3280
574 3285
574 3296
574 3301
574 3317
574 3343
574 3370
574 3375
574 3386
574 3456
574 3504
574 3520
574 3525
574 3552
574 3553
574 3556
574 3557
574 3568
574 3663
574 3711
574 3776
574 3781
574 3792
574 3793
574 3796
574 3797
574 3829
574 3968
574 3984
574 4000
574 4037
574 4048
574 4064
574 4065
574 4069
578 3024
578 3296
578 3452
578 3932
579 1730
579 2085
579 2095
579 2207
579 2256
579 2261
579 2272
579 2293
579 2298
579 2383
579 2426
579 2464
579 2467
579 2476
579 2480
579 2496
579 2501
579 2528
579 2544
579 2575
579 2613
579 2623
579 2707
579 2716
579 2768
579 2805
579 2847
579 2863
579 2880
579 3013
579 3018
579 3024
579 3103
579 3119
579 3130
579 3194
579 3231
579 3248
579 3280
579 3285
579 3296
579 3301
579 3317
579 3451
579 3454
579 3488
579 3491
579 3500
579 3504
579 3520
579 3525
579 3552
579 3568
579 3570
579 3576
579 3599
579 3637
579 3642
579 3647
579 3655
579 3740
579 3760
579 3776
579 3792
579 3797
579 3824
579 3829
579 3845
579 3871
579 3887
579 3936
579 4037
579 4048
579 4050
579 4056
579 4064
579 798
584 3871
584 4048
587 2106
587 3301
588 1054
588 2224
588 2256
588 2261
588 2272
588 2277
588 2298
588 2480
588 2496
588 2501
588 2506
588 2528
588 2533
588 2544
588 2554
588 2618
588 2736
588 2752
588 2768
588 2773
588 2800
588 2805
588 2847
588 2960
588 30
588 3024
588 3040
588 3109
588 3119
588 3168
588 3248
588 3280
588 3285
588 3317
588 3322
588 3450
588 3488
588 3504
588 3509
588 3520
588 3525
588 3568
588 3599
588 3615
588 3760
588 3776
588 3792
588 3797
588 3824
588 3871
588 3882
588 3887
588 4037
588 4048
588 4064
590 2277
590 2826
590 3130
590 3297
590 3300
590 3850
594 2159
594 2415
594 2863
594 3711
594 3792
594 3879
594 3885
595 1054
595 2079
595 2095
595 2106
595 2159
595 2207
595 2256
595 2261
595 2272
595 2277
595 2293
595 2351
595 2367
595 2483
595 2492
595 2501
595 2506
595 2528
595 2591
595 2618
595 2623
595 267
595 27
595 2768
595 2847
595 2863
595 2960
595 2963
595 2972
595 3024
595 3103
595 3119
595 3130
595 3183
595 3199
595 3216
595 3219
595 3228
595 3231
595 3248
595 3280
595 3285
595 3288
595 3296
595 3301
595 3317
595 3375
595 3391
595 3459
595 3468
595 3520
595 3522
595 3525
595 3557
595 3568
595 3642
595 3647
595 3658
595 3760
595 3781
595 3792
595 3824
595 3871
595 3887
595 3914
595 3919
595 3999
595 4037
595 4048
595 4064
600 2615
600 2621
600 269
600 2768
600 3794
600 3800
603 2256
603 3130
604 1051
604 2079
604 2106
604 2159
604 2192
604 2195
604 2204
604 2224
604 2239
604 2256
604 2261
604 2272
604 2277
604 2293
604 2298
604 2319
604 2435
604 2483
604 2492
604 2496
604 2501
604 2506
604 2528
604 2533
604 2554
604 2618
604 270
604 2736
604 2752
604 2757
604 2800
604 2847
604 2863
604 2895
604 2963
604 2972
604 30
604 3013
604 3024
604 3040
604 3167
604 3183
604 3199
604 3231
604 3248
604 3280
604 3285
604 3296
604 3301
604 3317
604 3488
604 3520
604 3525
604 3568
604 3599
604 3642
604 3658
604 3706
604 3760
604 3776
604 3781
604 3792
604 3824
604 3829
604 3850
604 3871
604 3919
604 3999
604 4037
604 4048
604 4064
606 2192
606 2533
606 3280
606 3300
606 3777
606 3780
626 3887
627 1326
627 1566
627 2079
627 2095
627 2106
627 2143
627 2170
627 2207
627 2224
627 2256
627 2261
627 2272
627 2293
627 2298
627 2383
627 2432
627 2480
627 2496
627 2501
627 2506
627 2533
627 2575
627 2591
627 2618
627 2623
627 2754
627 2757
627 2760
627 2768
627 2773
627 2821
627 2847
627 2853
627 2890
627 3024
627 3103
627 3119
627 3130
627 3183
627 3231
627 3248
627 3280
627 3285
627 3296
627 3306
627 3407
627 3456
627 3491
627 3500
627 3504
627 3520
627 3525
627 3530
627 3552
627 3589
627 3642
627 3647
627 3728
627 3731
627 3740
627 3776
627 3781
627 3786
627 3792
627 3797
627 3802
627 3824
627 3871
627 3914
627 3930
627 4037
627 4042
627 4048
627 4064
627 4069
627 539
628 627
632 2293
632 2800
632 3285
632 3832
635 2768
635 3728
635 4048
635 4049
635 4069
636 1563
636 2079
636 2175
636 2192
636 2224
636 2256
636 2261
636 2272
636 2298
636 2432
636 2447
636 2467
636 2476
636 2480
636 2496
636 2501
636 2506
636 2528
636 2533
636 2544
636 2554
636 2704
636 2707
636 2716
636 2736
636 2752
636 2757
636 2768
636 2773
636 2800
636 2826
636 2863
636 2890
636 3013
636 3024
636 3040
636 3045
636 3103
636 3119
636 3130
636 3167
636 3199
636 3216
636 3247
636 3248
636 3263
636 3280
636 3285
636 3296
636 3322
636 3456
636 3471
636 3520
636 3525
636 3530
636 3552
636 3557
636 3568
636 3589
636 3599
636 3647
636 3727
636 3760
636 3776
636 3781
636 3792
636 3797
636 3802
636 3824
636 3845
636 3871
636 3877
636 3887
636 3914
636 4037
636 4048
636 4064
636 542
636 814
638 2704
638 3045
638 3199
638 3792
638 4048
641 2261
641 2277
641 2757
641 3115
641 3285
641 3317
641 3391
641 3595
641 3598
641 3968
643 1319
643 1524
643 1559
643 1732
643 2004
643 2095
643 2143
643 2159
643 2175
643 225
643 2256
643 2261
643 2319
643 2351
643 2362
643 2367
643 2383
643 2419
643 2428
643 2464
643 2480
643 2496
643 2528
643 2545
643 2548
643 2591
643 2613
643 2618
643 2623
643 2639
643 2655
643 2687
643 2837
643 2842
643 2847
643 2863
643 2895
643 2899
643 2908
643 2927
643 2944
643 295
643 2960
643 3119
643 3167
643 3183
643 3199
643 3231
643 3263
643 3280
643 3285
643 3322
643 3370
643 3375
643 3386
643 3391
643 3407
643 3440
643 3456
643 3504
643 3520
643 3568
643 3610
643 3615
643 3637
643 3642
643 3647
643 3663
643 3711
643 3728
643 3781
643 3776
643 3797
643 3824
643 3850
643 3861
643 3866
643 3871
643 3882
643 3887
643 3919
643 3920
643 3951
643 3984
643 4069
643 481
643 497
643 535
643 721
643 977
644 2175
644 2261
644 2367
644 2495
644 2944
644 3199
644 3301
644 3390
644 3507
644 3516
647 2752
652 1521
652 2131
652 2140
652 2143
652 2159
652 2175
652 2229
652 2239
652 2256
652 2261
652 2272
652 2277
652 228
652 2282
652 2351
652 2362
652 2367
652 2371
652 2380
652 2383
652 2416
652 2480
652 2496
652 2506
652 2528
652 2586
652 2613
652 2639
652 2687
652 2752
652 2757
652 2800
652 2826
652 2837
652 2847
652 2863
652 2890
652 2895
652 2960
652 3024
652 3155
652 3164
652 3167
652 3183
652 3199
652 3231
652 3253
652 3280
652 3285
652 3305
652 3365
652 3370
652 3389
652 3383
652 3391
652 3386
652 3395
652 3404
652 3407
652 3443
652 3452
652 3520
652 3552
652 3568
652 3610
652 3642
652 3647
652 3711
652 3781
652 3792
652 3824
652 3850
652 3863
652 3866
652 3869
652 3871
652 3882
652 3887
652 3914
652 3919
652 3923
652 3930
652 3932
652 3951
652 3983
652 3984
652 500
653 2573
653 2567
653 3599
657 2175
657 2346
657 2687
657 3285
657 3390
657 3387
657 3391
657 3647
659 1780
659 2079
659 2095
659 2143
659 2147
659 2156
659 2160
659 2175
659 2207
659 2224
659 2239
659 225
659 2261
659 2272
659 2314
659 2319
659 2346
659 2351
659 2362
659 2367
659 2496
659 2497
659 2500
659 2575
659 2618
659 2623
659 2655
659 2675
659 2684
659 2687
659 2752
659 2773
659 2800
659 2826
659 2842
659 2847
659 2858
659 2863
659 2895
659 2915
659 2924
659 2960
659 3103
659 3119
659 3167
659 3168
659 3184
659 3199
659 3221
659 3231
659 3248
659 3263
659 3285
659 3296
659 3338
659 3343
659 3375
659 3391
659 3456
659 3509
659 3520
659 3562
659 3578
659 3599
659 3642
659 3647
659 3679
659 3776
659 3786
659 3792
659 3797
659 3850
659 3866
659 3871
659 3882
659 3887
659 3919
659 3984
659 705
659 753
659 993
660 2261
660 2623
660 3216
660 3285
660 3387
660 3390
660 3391
660 3557
660 3781
660 3867
660 3870
663 3520
663 3607
668 1252
668 1777
668 2106
668 2143
668 2147
668 2156
668 2160
668 2175
668 2197
668 2207
668 2256
668 2272
668 2367
668 2496
668 2506
668 2538
668 2544
668 2618
668 2623
668 2627
668 2636
668 2655
668 2704
668 2752
668 2768
668 2800
668 2826
668 2895
668 2944
668 2960
668 3024
668 3045
668 3125
668 3130
668 3167
668 3168
668 3184
668 3199
668 3231
668 3263
668 3280
668 3296
668 3343
668 3370
668 3375
668 3391
668 3407
668 3456
668 3471
668 3488
668 3509
668 3520
668 3568
668 3599
668 3615
668 3642
668 3647
668 3699
668 3708
668 3711
668 3776
668 3792
668 3797
668 3829
668 3850
668 3866
668 3887
668 3919
668 3948
668 3968
668 3983
668 3984
668 756
668 996
669 2197
669 2496
669 2538
689 2277
689 2261
689 2501
689 2757
689 3285
689 3317
689 3797
691 2079
691 2138
691 2143
691 2159
691 2175
691 2207
691 2256
691 2261
691 2266
691 2272
691 2298
691 2314
691 2319
691 2351
691 2367
691 2383
691 2419
691 2428
691 2432
691 2479
691 2496
691 2501
691 2528
691 2575
691 2639
691 2655
691 2752
691 2773
691 2837
691 2847
691 2842
691 2858
691 2895
691 2899
691 2908
691 2944
691 3167
691 3183
691 3199
691 3231
691 3248
691 3280
691 3296
691 3301
691 3317
691 3338
691 3343
691 3375
691 3386
691 3391
691 3407
691 3456
691 3440
691 3488
691 3520
691 3552
691 3599
691 3610
691 3615
691 3663
691 3679
691 3711
691 3776
691 3781
691 3786
691 3797
691 3850
691 3866
691 3871
691 3919
691 3951
692 2261
692 2773
692 2757
692 3285
692 3781
692 3829
692 3968
695 2581
695 2623
700 2159
700 2175
700 2207
700 2256
700 2261
700 2272
700 2314
700 2362
700 2367
700 2383
700 2419
700 2428
700 2496
700 2506
700 2528
700 2655
700 2639
700 2752
700 2762
700 2768
700 2847
700 2895
700 2908
700 2944
700 3167
700 3199
700 3183
700 3184
700 3231
700 3280
700 3285
700 3296
700 3306
700 3338
700 3343
700 3391
700 3402
700 3407
700 3456
700 3440
700 3520
700 3525
700 3530
700 3552
700 3599
700 3647
700 3679
700 3743
700 3776
700 3792
700 3797
700 3861
700 3866
700 3871
700 3887
700 3919
700 3968
700 3984
700 4000
700 4064
701 3647
705 1342
705 1528
705 1822
705 2078
705 2079
705 2095
705 2106
705 2159
705 2175
705 2314
705 2319
705 2350
705 2362
705 2367
705 2383
705 2487
705 2501
705 2544
705 2586
705 2591
705 2618
705 2619
705 2622
705 2623
705 2655
705 2687
705 27
705 2711
705 2717
705 2821
705 2826
705 2842
705 2847
705 2863
705 2895
705 2927
705 2944
705 2960
705 3099
705 3102
705 3103
705 3115
705 3118
705 3119
705 3130
705 3131
705 3134
705 3183
705 3167
705 3199
705 3338
705 3343
705 3370
705 3386
705 3387
705 3390
705 3391
705 3407
705 3525
705 3568
705 3598
705 3595
705 3610
705 3611
705 3615
705 3642
705 3647
705 3679
705 3711
705 3735
705 3741
705 3850
705 3851
705 3866
705 3867
705 3870
705 3871
705 3882
705 3919
705 3887
705 3951
705 3968
705 3996
705 4048
705 488
705 924
706 1891
706 2071
706 2074
706 2077
706 2079
706 2087
706 2093
706 2103
706 2109
706 2095
706 2224
706 2261
706 2278
706 2281
706 2311
706 2293
706 2314
706 2317
706 2319
706 2343
706 2349
706 2351
706 2367
706 2415
706 2501
706 2567
706 2573
706 2583
706 2589
706 2591
706 2615
706 2621
706 2623
706 2655
706 2704
706 2823
706 2829
706 2842
706 2847
706 2855
706 2861
706 2863
706 2960
706 3013
706 3045
706 3095
706 3098
706 3101
706 3103
706 3111
706 3117
706 3119
706 3127
706 3133
706 3247
706 3248
706 3285
706 3317
706 3335
706 3338
706 3367
706 3341
706 3343
706 3373
706 3375
706 3391
706 3439
706 3525
706 3568
706 3591
706 3597
706 3607
706 3613
706 3615
706 3639
706 3645
706 3647
706 3663
706 3679
706 3847
706 3853
706 3869
706 3879
706 3871
706 3885
706 3887
706 3984
706 4037
706 4048
706 4069
708 1339
708 1948
708 2079
708 2086
708 2089
708 2091
708 2094
708 2095
708 2110
708 2106
708 2175
708 2223
708 2261
708 2298
708 2319
708 2346
708 2362
708 2363
708 2366
708 2367
708 2383
708 2414
708 2411
708 2427
708 2430
708 2574
708 2586
708 2591
708 2623
708 2687
708 2842
708 2843
708 2846
708 2847
708 2858
708 2863
708 2880
708 2927
708 2949
708 2960
708 3103
708 3119
708 3130
708 3131
708 3134
708 3179
708 3183
708 3182
708 3199
708 3370
708 3386
708 3391
708 3407
708 3435
708 3438
708 3525
708 3610
708 3615
708 3642
708 3647
708 3659
708 3662
708 3711
708 3850
708 3851
708 3854
708 3866
708 3871
708 3882
708 3887
708 3919
708 3951
708 3973
708 3984
708 4000
708 4037
710 2159
710 2944
710 3119
710 3968
712 1404
712 1884
712 2071
712 2074
712 2077
712 2079
712 2093
712 2087
712 2103
712 2109
712 2192
712 2224
712 2223
712 2261
712 2277
712 2293
712 2311
712 2319
712 2343
712 2349
712 2351
712 2367
712 2415
712 2496
712 2501
712 2533
712 2567
712 2583
712 2573
712 2589
712 2591
712 2615
712 2621
712 2623
712 2773
712 2821
712 2823
712 2829
712 2842
712 2855
712 2861
712 2863
712 2960
712 3013
712 3045
712 3095
712 3098
712 3101
712 3111
712 3103
712 3117
712 3119
712 3127
712 3133
712 3216
712 3248
712 3253
712 3285
712 3301
712 3317
712 3335
712 3341
712 3343
712 3367
712 3373
712 3375
712 3391
712 3439
712 3525
712 3557
712 3591
712 3597
712 3607
712 3613
712 3615
712 3639
712 3645
712 3647
712 3728
712 3847
712 3853
712 3863
712 3869
712 3871
712 3879
712 3887
712 3885
712 3936
712 3968
712 3984
712 4000
712 4037
712 4069
713 2095
713 2224
713 2575
713 3098
713 3115
713 3248
713 3439
713 3968
721 1180
721 1420
721 147
721 163
721 2079
721 2091
721 2094
721 2106
721 2110
721 2107
721 2175
721 2319
721 2351
721 2363
721 2366
721 2367
721 2415
721 2496
721 2501
721 2575
721 2586
721 2618
721 2623
721 2639
721 2826
721 2842
721 2843
721 2846
721 2847
721 2858
721 2863
721 2895
721 2927
721 3013
721 3099
721 3098
721 3102
721 3130
721 3183
721 3199
721 3228
721 3248
721 3339
721 3342
721 3374
721 3371
721 3375
721 3386
721 3391
721 3439
721 3525
721 3599
721 3610
721 3642
721 3646
721 3647
721 3663
721 3711
721 3728
721 3850
721 3866
721 387
721 3871
721 3882
721 3887
721 3883
721 3886
721 3919
721 3951
721 4069
721 643
722 1395
722 1875
722 2071
722 2074
722 2077
722 2087
722 2095
722 2093
722 2103
722 2109
722 2192
722 2224
722 2273
722 2276
722 2293
722 2311
722 2314
722 2317
722 2319
722 2343
722 2349
722 2351
722 2359
722 2365
722 2367
722 2415
722 2533
722 2567
722 2573
722 2575
722 2586
722 2615
722 2621
722 2623
722 2655
722 2823
722 2829
722 2839
722 2842
722 2845
722 2855
722 2861
722 2863
722 2927
722 2944
722 2976
722 3013
722 3095
722 3098
722 3101
722 3103
722 3111
722 3117
722 3119
722 3127
722 3133
722 3162
722 3248
722 3317
722 3335
722 3338
722 3341
722 3343
722 3367
722 3373
722 3375
722 3383
722 3389
722 3391
722 3439
722 3503
722 3525
722 3597
722 3591
722 3599
722 3639
722 3645
722 3647
722 3679
722 3728
722 3845
722 3847
722 3853
722 3863
722 3869
722 3879
722 3871
722 3885
722 3887
722 3968
722 4007
722 4037
722 4048
724 1171
724 1411
724 156
724 1676
724 2074
724 2078
724 2079
724 2091
724 2094
724 2107
724 2106
724 2110
724 2175
724 2211
724 2220
724 2224
724 2298
724 2315
724 2318
724 2319
724 2351
724 2367
724 2383
724 2415
724 2501
724 2554
724 2571
724 2574
724 2575
724 2586
724 2618
724 2619
724 2622
724 2623
724 2639
724 2687
724 2691
724 2700
724 2704
724 2826
724 2842
724 2843
724 2847
724 2859
724 2858
724 2862
724 2863
724 2880
724 2895
724 2926
724 2927
724 3013
724 3045
724 3098
724 3103
724 3130
724 3199
724 3253
724 3280
724 3285
724 3317
724 3322
724 3343
724 3375
724 3407
724 3391
724 3439
724 3520
724 3525
724 3599
724 3610
724 3642
724 3647
724 3663
724 3866
724 3871
724 3882
724 3887
724 3904
724 3919
724 3951
724 4037
724 46
726 2074
726 2415
726 3119
726 3375
728 2071
728 2074
728 2077
728 2079
728 2087
728 2093
728 2095
728 2103
728 2109
728 2192
728 2223
728 2224
728 2293
728 2311
728 2319
728 2317
728 2359
728 2351
728 2367
728 2365
728 2415
728 2479
728 2533
728 2573
728 2567
728 2586
728 2615
728 2621
728 2623
728 2736
728 2805
728 2823
728 2829
728 2839
728 2845
728 2847
728 2855
728 2861
728 2863
728 2927
728 2944
728 2976
728 3013
728 3095
728 3098
728 3101
728 3103
728 3111
728 3117
728 3119
728 3127
728 3133
728 3216
728 3248
728 3317
728 3335
728 3341
728 3343
728 3367
728 3373
728 3375
728 3383
728 3389
728 3391
728 3439
728 3443
728 3452
728 3557
728 3591
728 3599
728 3597
728 3607
728 3613
728 3639
728 3645
728 3647
728 3708
728 380
728 3829
728 3847
728 3853
728 3863
728 3869
728 3879
728 3885
728 3887
728 3968
728 3984
728 4000
728 4037
729 2351
729 3098
729 3119
729 3439
753 1692
753 1778
753 2074
753 2078
753 2075
753 2079
753 2095
753 2106
753 2159
753 2224
753 2314
753 2319
753 2351
753 2367
753 2415
753 2501
753 2528
753 2575
753 2586
753 2591
753 2639
753 2655
753 2821
753 2826
753 2842
753 2843
753 2846
753 2847
753 2863
753 2895
753 2927
753 3013
753 3098
753 3103
753 3119
753 3130
753 3183
753 3248
753 3280
753 3338
753 3343
753 3371
753 3374
753 3375
753 3386
753 3391
753 3407
753 3439
753 3520
753 3525
753 3611
753 3610
753 3615
753 3614
753 3643
753 3646
753 3663
753 3679
753 3760
753 3845
753 3850
753 3866
753 3871
753 3883
753 3886
753 3887
753 3951
753 3984
753 4000
753 4037
753 419
753 659
753 931
753 968
754 2004
754 2071
754 2077
754 2079
754 2087
754 2093
754 2095
754 2103
754 2109
754 2207
754 2256
754 2261
754 2311
754 2317
754 2319
754 2343
754 2346
754 2349
754 2351
754 2359
754 2365
754 2496
754 2501
754 2567
754 2573
754 2575
754 2586
754 2583
754 2589
754 2591
754 2639
754 2687
754 2823
754 2829
754 2839
754 2845
754 2847
754 2855
754 2861
754 2863
754 2927
754 3013
754 3045
754 3095
754 3101
754 3103
754 3111
754 3119
754 3117
754 3127
754 3133
754 3216
754 3231
754 3301
754 3335
754 3341
754 3343
754 3367
754 3373
754 3370
754 3383
754 3375
754 3389
754 3525
754 3591
754 3597
754 3607
754 3599
754 3613
754 3610
754 3615
754 3645
754 3711
754 3845
754 3847
754 3853
754 3863
754 3869
754 3871
754 3879
754 3885
754 3951
754 4000
756 1683
756 2074
756 2079
756 2095
756 2106
756 2159
756 2223
756 2256
756 2261
756 2314
756 2319
756 2347
756 2350
756 2351
756 2366
756 2367
756 2415
756 242
756 2501
756 2544
756 2575
756 2586
756 2587
756 2590
756 2591
756 2639
756 2655
756 2736
756 2826
756 2842
756 2843
756 2846
756 2859
756 2863
756 2880
756 2895
756 2927
756 2960
756 2963
756 3098
756 3103
756 3119
756 3130
756 3183
756 3285
756 3301
756 3317
756 3338
756 3343
756 3375
756 3391
756 3439
756 3407
756 3525
756 3552
756 3568
756 3598
756 3599
756 3610
756 3615
756 3663
756 3679
756 3850
756 3866
756 3871
756 3887
756 3919
756 3947
756 3950
756 3951
756 4037
756 668
756 962
758 2586
758 2927
758 3390
758 3887
760 2071
760 2077
760 2079
760 2087
760 2093
760 2095
760 2103
760 2109
760 2192
760 2224
760 2256
760 2261
760 2311
760 2317
760 2319
760 2343
760 2349
760 2351
760 2359
760 2365
760 2367
760 2506
760 2501
760 2533
760 2567
760 2573
760 2575
760 2583
760 2586
760 2589
760 2591
760 2615
760 2704
760 2736
760 2800
760 2821
760 2823
760 2829
760 2839
760 2845
760 2855
760 2927
760 3095
760 3045
760 3101
760 3103
760 3111
760 3117
760 3127
760 3119
760 3133
760 3216
760 3248
760 3280
760 3285
760 3290
760 3301
760 3335
760 3341
760 3343
760 3367
760 3373
760 3375
760 3383
760 3389
760 3391
760 3520
760 3525
760 3530
760 3557
760 3591
760 3597
760 3599
760 3607
760 3610
760 3613
760 3615
760 3728
760 3760
760 3847
760 3853
760 3863
760 3869
760 3871
760 3879
760 3885
760 3887
760 3951
760 3968
760 3984
760 4064
760 4069
760 977
761 2863
761 4037
774 1203
774 1923
774 1986
774 2159
774 2227
774 2236
774 2947
774 2956
774 3098
774 3183
774 3248
774 3313
774 3338
774 3439
774 3525
774 3679
774 3919
774 968
775 1203
775 179
775 1923
775 1924
775 2074
775 2106
775 2143
775 2160
775 2175
775 2224
775 2227
775 2236
775 2237
775 2258
775 2264
775 2274
775 2280
775 2290
775 2296
775 2346
775 2351
775 2362
775 2383
775 2479
775 249
775 2498
775 2504
775 2530
775 2536
775 2546
775 2552
775 2586
775 2613
775 2618
775 2639
775 2687
775 270
775 2752
775 2754
775 2760
775 2768
775 2770
775 2776
775 2800
775 2802
775 2808
775 2895
775 2927
775 2944
775 2947
775 2951
775 2956
775 2959
775 30
775 3010
775 3016
775 3024
775 3026
775 3032
775 3040
775 3042
775 3048
775 3098
775 3130
775 3167
775 3199
775 3251
775 3248
775 3260
775 3280
775 3282
775 3288
775 3296
775 3298
775 3304
775 3314
775 3320
775 3370
775 3375
775 3386
775 3407
775 3439
775 3520
775 3522
775 3528
775 3554
775 3560
775 3568
775 3570
775 3576
775 3610
775 3637
775 3642
775 3663
775 3711
775 3760
775 3776
775 3778
775 3784
775 3792
775 3794
775 3800
775 3824
775 3826
775 3832
775 3851
775 3854
775 3882
775 3951
775 3971
775 3980
775 4034
775 4040
775 4048
775 4050
775 4056
775 4066
775 4064
775 4072
775 899
777 1272
777 1932
777 2074
777 2175
777 2224
777 2314
777 2415
777 2655
777 3009
777 3012
777 3183
777 3919
779 1148
779 115
779 1204
779 1859
779 1868
779 2159
779 2163
779 2172
779 2175
779 2192
779 2224
779 2239
779 2272
779 2276
779 2277
779 2289
779 2292
779 2293
779 2362
779 2464
779 2480
779 2496
779 2501
779 2528
779 2533
779 2544
779 2703
779 2704
779 2736
779 2768
779 2805
779 2883
779 2890
779 2892
779 2895
779 2959
779 2960
779 2976
779 3009
779 3012
779 3013
779 3024
779 3040
779 3045
779 3183
779 3216
779 3249
779 3252
779 3263
779 3280
779 3296
779 3301
779 3317
779 3338
779 3370
779 3386
779 3488
779 3504
779 3520
779 3525
779 3557
779 3552
779 3569
779 3568
779 3572
779 3711
779 3727
779 3728
779 3776
779 3760
779 3781
779 3792
779 3824
779 3828
779 3829
779 3914
779 3969
779 3972
779 3984
779 4000
779 4037
779 4064
779 4068
779 844
781 1212
781 188
781 1932
781 2075
781 2078
781 2106
781 2143
781 2159
781 2162
781 2168
781 2224
781 2258
781 2264
781 2272
781 2274
781 2277
781 2280
781 2290
781 2296
781 2315
781 2318
781 2383
781 2415
781 2480
781 2496
781 2498
781 2504
781 2528
781 2530
781 2536
781 2544
781 2546
781 2552
781 2639
781 2687
781 27
781 2754
781 2760
781 2768
781 2770
781 2776
781 2800
781 2802
781 2808
781 2830
781 3010
781 3016
781 3026
781 3032
781 3042
781 3048
781 3098
781 3125
781 3130
781 3167
781 3184
781 3248
781 3280
781 3298
781 3304
781 3314
781 3320
781 3370
781 3386
781 3407
781 3520
781 3522
781 3525
781 3528
781 3552
781 3554
781 3560
781 3568
781 3570
781 3576
781 3615
781 3642
781 3663
781 3711
781 3776
781 3778
781 3784
781 3792
781 3794
781 3800
781 3824
781 3826
781 3829
781 3832
781 3968
781 3975
781 3981
781 4034
781 4040
781 4048
781 4050
781 4056
781 4064
781 4066
781 4072
782 1148
782 124
782 1859
782 1868
782 2102
782 2105
782 2159
782 2192
782 2228
782 2225
782 2256
782 2272
782 2261
782 2273
782 2277
782 2362
782 2464
782 2480
782 2497
782 2500
782 2528
782 2529
782 2532
782 2544
782 2704
782 2736
782 2752
782 2757
782 2768
782 2800
782 2805
782 2948
782 2945
782 2960
782 3013
782 3024
782 3040
782 3041
782 3044
782 3045
782 3130
782 3183
782 3199
782 3248
782 3280
782 3285
782 3296
782 3313
782 3301
782 3316
782 3317
782 3343
782 3386
782 3456
782 3488
782 3504
782 3520
782 3552
782 3568
782 3663
782 3728
782 3760
782 3776
782 3781
782 3792
782 3824
782 3829
782 3919
782 3984
782 4000
782 4033
782 4036
782 4037
782 4048
782 4064
782 4065
782 4068
782 4069
782 604
782 835
782 844
790 2159
790 2175
790 2224
790 2544
790 3024
790 3183
790 3199
790 3443
790 3452
790 3504
790 3572
791 2074
791 2106
791 2143
791 2159
791 2175
791 2256
791 2258
791 2264
791 2272
791 2290
791 2296
791 2314
791 2415
791 2416
791 2480
791 2496
791 2498
791 2504
791 2528
791 2530
791 2536
791 2544
791 2546
791 2552
791 2618
791 2623
791 2639
791 2655
791 2768
791 2800
791 2802
791 2805
791 2808
791 2826
791 2890
791 2895
791 2927
791 2960
791 3010
791 3016
791 3026
791 3032
791 3042
791 3040
791 3048
791 3098
791 3130
791 3167
791 3183
791 3199
791 3282
791 3288
791 3296
791 3298
791 3304
791 3314
791 3320
791 3407
791 3439
791 3504
791 3507
791 3522
791 3520
791 3528
791 3552
791 3554
791 3560
791 3568
791 3570
791 3576
791 3642
791 3663
791 3679
791 3776
791 3778
791 3784
791 3794
791 3800
791 3824
791 3826
791 3832
791 3850
791 3914
791 3919
791 3984
791 4034
791 4040
791 4050
791 4056
791 4064
791 4066
791 4072
793 2159
793 2480
793 3183
793 3439
793 3568
793 3919
795 2159
795 2160
795 2224
795 2256
795 2261
795 2273
795 2276
795 2293
795 2432
795 2480
795 2544
795 2545
795 2548
795 2736
795 2752
795 2753
795 2756
795 2757
795 2768
795 2773
795 2800
795 2890
795 2895
795 2944
795 2976
795 3025
795 3028
795 3040
795 3119
795 3130
795 3183
795 3216
795 3248
795 3296
795 3301
795 3313
795 3316
795 3317
795 3391
795 3407
795 3456
795 3504
795 3508
795 3505
795 3520
795 3525
795 3552
795 3557
795 3568
795 3658
795 3663
795 371
795 3760
795 3776
795 3781
795 3797
795 3824
795 3914
795 3968
795 3985
795 3988
795 3999
795 4000
795 4033
795 4037
795 4064
797 1822
797 2074
797 2095
797 2159
797 2224
797 2258
797 2264
797 2296
797 2290
797 2314
797 2346
797 2362
797 2415
797 2383
797 2480
797 2496
797 2498
797 2504
797 2530
797 2536
797 2546
797 2552
797 2618
797 2639
797 2655
797 2687
797 2752
797 2768
797 2770
797 2776
797 2800
797 2802
797 2805
797 2808
797 2843
797 2846
797 2895
797 3010
797 3016
797 3026
797 3032
797 3040
797 3042
797 3048
797 3098
797 3183
797 3248
797 3280
797 3282
797 3288
797 3296
797 3298
797 3304
797 3314
797 3338
797 3320
797 3407
797 3439
797 3440
797 3504
797 3520
797 3522
797 3528
797 3554
797 3560
797 3570
797 3576
797 3599
797 3663
797 3679
797 3728
797 3778
797 3776
797 3784
797 3792
797 3794
797 3800
797 3824
797 3826
797 3832
797 3829
797 3919
797 3984
797 4034
797 4040
797 4050
797 4056
797 4064
797 4066
797 4069
797 4072
798 1612
798 1821
798 2159
798 2160
798 2192
798 2224
798 2261
798 2277
798 2293
798 2432
798 2480
798 2496
798 2501
798 2528
798 2529
798 2532
798 2533
798 2544
798 2704
798 2736
798 2752
798 2757
798 2772
798 2773
798 2800
798 2944
798 295
798 2976
798 3013
798 3040
798 3045
798 3119
798 3183
798 3248
798 3280
798 3285
798 3297
798 3300
798 3317
798 3456
798 3488
798 3504
798 3520
798 3552
798 3553
798 3556
798 3557
798 3568
798 3569
798 3572
798 3599
798 364
798 3728
798 3760
798 3776
798 3780
798 3781
798 380
798 3797
798 3824
798 3829
798 3968
798 4000
798 4036
798 4037
798 4052
798 4049
806 2175
806 2800
806 2895
806 3183
806 3199
807 2074
807 2143
807 2175
807 2256
807 2258
807 2264
807 2274
807 2280
807 2290
807 2296
807 2314
807 2383
807 2415
807 2479
807 2496
807 2498
807 2504
807 2528
807 2544
807 2546
807 2552
807 2655
807 2736
807 2752
807 2754
807 2760
807 2768
807 2770
807 2776
807 2800
807 2802
807 2808
807 2895
807 2959
807 3010
807 3016
807 3024
807 3026
807 3032
807 3042
807 3098
807 3130
807 3167
807 3183
807 3199
807 3280
807 3282
807 3288
807 3296
807 3298
807 3304
807 3314
807 3320
807 3386
807 3407
807 3439
807 3507
807 3520
807 3522
807 3528
807 3552
807 3554
807 3560
807 3568
807 3570
807 3576
807 3610
807 3647
807 3760
807 3776
807 3778
807 3784
807 3794
807 3792
807 3800
807 3824
807 3826
807 3832
807 3951
807 3987
807 3996
807 4034
807 4040
807 4048
807 4050
807 4056
807 915
809 2159
809 2639
809 2736
809 2895
809 3183
809 3407
809 3663
809 3824
809 3919
811 2159
811 2192
811 2224
811 2239
811 2256
811 2261
811 2272
811 2277
811 2293
811 2432
811 2464
811 2480
811 2496
811 2501
811 2533
811 2545
811 2548
811 2586
811 2736
811 2752
811 2757
811 2768
811 2769
811 2772
811 2773
811 2800
811 2801
811 2805
811 2944
811 2927
811 3013
811 3024
811 3025
811 3028
811 3045
811 3125
811 3167
811 3183
811 3248
811 3263
811 3280
811 3285
811 3317
811 3386
811 3456
811 3504
811 3520
811 3525
811 3552
811 3568
811 3760
811 3776
811 3781
811 3792
811 3797
811 3824
811 3968
811 3984
811 4037
811 4048
813 1468
813 2079
813 2106
813 2143
813 2160
813 2256
813 2258
813 2264
813 2274
813 2280
813 2290
813 2296
813 2314
813 2362
813 2383
813 2415
813 2480
813 2498
813 2496
813 2504
813 2544
813 2546
813 2552
813 2618
813 2655
813 2736
813 2752
813 2754
813 2760
813 2768
813 2770
813 2776
813 2800
813 2802
813 2808
813 3010
813 3016
813 3024
813 3026
813 3032
813 3048
813 3098
813 3130
813 3167
813 3199
813 3280
813 3282
813 3288
813 3296
813 3298
813 3304
813 3314
813 3320
813 3338
813 3391
813 3407
813 3439
813 3522
813 3520
813 3528
813 3552
813 3560
813 3568
813 3570
813 3576
813 3679
813 3760
813 3776
813 3778
813 3784
813 3792
813 3826
813 3832
813 3919
813 4000
813 4034
813 4040
813 4050
813 4056
814 2159
814 2224
814 2261
814 2293
814 2362
814 2480
814 2496
814 2501
814 2544
814 2548
814 2752
814 2757
814 2768
814 2773
814 2800
814 2944
814 3013
814 3024
814 3025
814 3103
814 3183
814 3216
814 3248
814 3280
814 3285
814 3296
814 3301
814 3343
814 3456
814 3504
814 3520
814 3525
814 3557
814 3568
814 3599
814 3610
814 3776
814 3760
814 3781
814 3792
814 3797
814 3829
814 3951
814 3968
814 3984
814 4037
814 4048
834 1212
834 1932
834 2290
834 2296
834 2826
834 3248
834 3850
834 3968
835 1083
835 1086
835 1213
835 1266
835 1806
835 1803
835 1933
835 1986
835 1990
835 2095
835 2101
835 2144
835 2171
835 2174
835 2192
835 2207
835 2224
835 2256
835 2261
835 2272
835 2277
835 2294
835 2297
835 2298
835 2319
835 2351
835 2362
835 2383
835 242
835 2432
835 2437
835 2447
835 2464
835 2480
835 2485
835 2501
835 2506
835 2528
835 2533
835 2575
835 2639
835 2703
835 2704
835 2736
835 2752
835 2757
835 2768
835 2773
835 2778
835 2800
835 2805
835 2837
835 2847
835 2863
835 2944
835 2949
835 2960
835 3014
835 3017
835 3040
835 3045
835 3119
835 3126
835 3183
835 3231
835 3248
835 3253
835 3280
835 3285
835 3296
835 3301
835 3317
835 3343
835 3375
835 3386
835 3391
835 3456
835 3488
835 3503
835 3504
835 3525
835 3552
835 3530
835 3599
835 3615
835 3663
835 3727
835 3728
835 3776
835 3781
835 3792
835 3797
835 3829
835 3861
835 3871
835 3887
835 3968
835 3973
835 3984
835 3989
835 4048
835 4064
835 4069
835 59
835 779
835 782
840 1923
840 2103
840 2109
840 2163
840 2172
840 2224
840 2944
840 3130
840 3251
840 3260
840 3850
840 3968
840 4034
840 4040
843 2289
843 2292
843 2976
843 3009
843 3012
843 3130
843 3167
843 3317
843 3386
843 3407
843 3850
843 4000
844 1086
844 1207
844 1342
844 1803
844 1806
844 1927
844 1992
844 1993
844 2079
844 2107
844 2110
844 2144
844 2192
844 2207
844 2224
844 2256
844 2261
844 2272
844 2277
844 2293
844 2351
844 2362
844 2367
844 2432
844 248
844 2480
844 2485
844 2506
844 2528
844 2533
844 2736
844 2752
844 2757
844 2768
844 2773
844 2800
844 2827
844 2837
844 2842
844 2944
844 2960
844 3024
844 3040
844 3045
844 3103
844 3125
844 3130
844 3167
844 3168
844 3183
844 3194
844 3216
844 3248
844 3253
844 3280
844 3285
844 3296
844 3301
844 3338
844 3375
844 3386
844 3391
844 3456
844 3509
844 3519
844 3520
844 3530
844 3552
844 3557
844 3568
844 3711
844 3727
844 3728
844 3760
844 3776
844 3781
844 3792
844 3797
844 3824
844 3850
844 3866
844 3871
844 3968
844 3984
844 4000
844 4069
844 62
844 779
844 782
846 1266
846 2106
846 2293
846 2826
846 2976
846 3313
846 3316
846 4033
846 4036
850 3026
850 3032
850 39
850 4048
851 1070
851 1550
851 1949
851 2079
851 2095
851 2101
851 2159
851 2192
851 2207
851 2224
851 2272
851 2277
851 2282
851 2351
851 2357
851 2362
851 2367
851 2432
851 2501
851 2506
851 2528
851 2533
851 2623
851 2639
851 2703
851 2736
851 2739
851 2748
851 2757
851 2768
851 2773
851 2847
851 2863
851 2944
851 2960
851 2976
851 2979
851 2988
851 3013
851 3040
851 3103
851 3119
851 3183
851 3216
851 3231
851 3235
851 3244
851 3248
851 3285
851 3296
851 3298
851 3301
851 3304
851 3317
851 3343
851 3375
851 3386
851 3391
851 3525
851 3530
851 3552
851 3557
851 3568
851 3647
851 3663
851 3664
851 3715
851 3724
851 3760
851 3763
851 3772
851 3776
851 3778
851 3781
851 3784
851 3797
851 3802
851 3887
851 3968
851 4000
851 4005
851 4012
851 4037
851 4058
851 4064
851 43
851 523
851 940
856 2367
856 2847
859 2159
859 2272
859 2293
859 2545
859 2548
859 2752
859 2826
859 3180
859 3317
859 3866
859 3850
860 1067
860 1326
860 1547
860 2095
860 2159
860 2192
860 2211
860 2220
860 2224
860 2229
860 2256
860 2272
860 2277
860 2293
860 2319
860 2351
860 2362
860 2432
860 2437
860 2501
860 2506
860 2528
860 2533
860 2544
860 2575
860 2691
860 2700
860 2752
860 2757
860 2768
860 2778
860 2896
860 2960
860 3013
860 302
860 3024
860 3040
860 3045
860 3103
860 3119
860 3183
860 3194
860 3216
860 3247
860 3248
860 3280
860 3285
860 3296
860 3301
860 3306
860 3317
860 3343
860 3381
860 3386
860 3391
860 3440
860 3456
860 3504
860 3520
860 3525
860 3552
860 3530
860 3557
860 3727
860 3760
860 3776
860 3781
860 3792
860 3797
860 3802
860 3866
860 3887
860 3968
860 3984
860 4037
860 4048
860 46
860 526
862 2159
862 2842
862 3296
862 3569
862 3572
866 2175
866 2687
866 3167
866 3183
866 3407
866 3663
867 1326
867 1566
867 2079
867 2095
867 2143
867 2192
867 2224
867 2261
867 2272
867 2266
867 2277
867 2282
867 2293
867 2319
867 2351
867 2367
867 2437
867 2496
867 2501
867 2528
867 2533
867 2544
867 2565
867 2575
867 2623
867 2703
867 2752
867 2757
867 2773
867 2778
867 2826
867 2847
867 2863
867 2906
867 2944
867 2960
867 299
867 3040
867 3103
867 3119
867 3167
867 3216
867 3248
867 3253
867 3280
867 3285
867 3296
867 3301
867 3317
867 3322
867 3343
867 3370
867 3375
867 3386
867 3391
867 3456
867 3488
867 3491
867 3500
867 3503
867 3520
867 3525
867 3530
867 3552
867 3557
867 3568
867 3599
867 3589
867 3615
867 3647
867 3727
867 3731
867 3740
867 3776
867 3781
867 3797
867 3824
867 3829
867 3871
867 3930
867 3968
867 3984
867 4037
867 539
867 868
868 867
872 3040
872 4066
872 4072
875 2159
875 2528
875 3488
875 3829
876 1323
876 1563
876 2079
876 2106
876 2192
876 2229
876 2239
876 2256
876 2261
876 2272
876 2277
876 2293
876 2319
876 2351
876 2362
876 2367
876 2432
876 2464
876 2467
876 2476
876 2496
876 2501
876 2506
876 2528
876 2533
876 2544
876 2591
876 2703
876 2707
876 2716
876 2752
876 2757
876 2768
876 2773
876 2800
876 2805
876 2944
876 302
876 3024
876 3098
876 3103
876 3119
876 3130
876 3162
876 3216
876 3247
876 3248
876 3280
876 3285
876 3296
876 3301
876 3317
876 3338
876 3407
876 3456
876 3503
876 3520
876 3525
876 3530
876 3552
876 3557
876 3568
876 3589
876 3637
876 3760
876 3776
876 3781
876 3792
876 3797
876 3850
876 3871
876 3930
876 3968
876 3984
876 4037
876 4048
876 4064
876 542
878 3183
878 3552
878 3572
897 1086
897 1805
897 2106
897 2261
897 2293
897 2618
897 2757
897 3013
897 3131
897 3134
897 3557
897 3781
897 3854
897 3851
897 775
899 1079
899 1265
899 1268
899 1799
899 1985
899 2074
899 2079
899 2106
899 2143
899 2159
899 2170
899 2175
899 2192
899 2256
899 2272
899 2277
899 2294
899 2297
899 2319
899 2351
899 2362
899 2383
899 241
899 2415
899 2416
899 2432
899 2479
899 2496
899 2506
899 2528
899 2533
899 2544
899 2586
899 2591
899 2618
899 2623
899 2752
899 2757
899 2768
899 2773
899 2837
899 2842
899 2847
899 2858
899 2863
899 2895
899 2927
899 3009
899 3012
899 3014
899 3017
899 3024
899 3098
899 3103
899 3167
899 3183
899 3194
899 3199
899 3216
899 3231
899 3280
899 3296
899 3301
899 3306
899 3317
899 3322
899 3343
899 3375
899 3386
899 3407
899 3439
899 3456
899 3503
899 3520
899 3530
899 3552
899 3557
899 3568
899 3599
899 3610
899 3615
899 3647
899 3727
899 3781
899 3792
899 3797
899 3824
899 3866
899 3871
899 3882
899 3887
899 3919
899 3951
899 4048
899 55
899 961
900 1083
900 2107
900 2110
900 2236
900 2277
900 2501
900 2533
900 2757
900 2827
900 2830
900 3130
900 3216
900 3248
900 3301
900 3317
900 3557
900 3760
900 3781
900 4037
903 1148
903 1868
903 2170
903 2895
903 3187
903 3199
903 3317
903 3847
903 3853
903 3916
903 3919
903 4037
908 1138
908 1268
908 1988
908 2095
908 2143
908 2159
908 2174
908 2175
908 2192
908 2229
908 2256
908 2272
908 2277
908 2282
908 2298
908 2351
908 2362
908 2383
908 244
908 2496
908 2506
908 2528
908 2533
908 2544
908 2586
908 2618
908 2757
908 2768
908 2800
908 2842
908 2847
908 2858
908 2890
908 2891
908 2895
908 3024
908 3040
908 3119
908 3130
908 3167
908 3183
908 3199
908 3216
908 3231
908 3280
908 3296
908 3301
908 3306
908 3407
908 3440
908 3520
908 3530
908 3552
908 3557
908 3568
908 3610
908 3615
908 3728
908 3776
908 3781
908 3792
908 3824
908 3845
908 3866
908 3882
908 3887
908 3919
908 3951
908 4037
908 4048
908 4069
908 781
909 1139
909 1859
909 2103
909 2109
909 2293
909 2298
909 3013
909 3199
909 3317
909 3919
909 4037
913 3301
913 3317
913 3387
913 3390
913 3557
913 3781
913 3867
913 3870
915 1591
915 1831
915 2017
915 2074
915 2079
915 2095
915 2093
915 2106
915 2138
915 2143
915 2159
915 2175
915 2256
915 2272
915 2276
915 2282
915 2314
915 2319
915 2351
915 2362
915 2367
915 2415
915 2479
915 2496
915 2501
915 2544
915 2567
915 2573
915 2586
915 2575
915 2591
915 2618
915 2623
915 2639
915 2655
915 2752
915 2762
915 2768
915 2800
915 2826
915 2847
915 2858
915 2863
915 2895
915 2927
915 3024
915 3103
915 3119
915 3162
915 3167
915 3178
915 3183
915 3194
915 3199
915 3237
915 3280
915 3301
915 3296
915 3306
915 3338
915 3343
915 3375
915 3391
915 3439
915 3503
915 3519
915 3520
915 3568
915 3578
915 3599
915 3615
915 3642
915 3647
915 3679
915 3776
915 3781
915 3786
915 3792
915 3824
915 3850
915 3882
915 3887
915 3919
915 4037
915 4048
915 4069
915 497
915 753
915 775
915 807
915 920
915 977
915 993
916 2293
916 2277
916 2359
916 2365
916 2533
916 2757
916 3301
916 3317
916 3557
916 3642
916 3781
919 3024
919 3296
924 1732
924 1821
924 2074
924 2095
924 2103
924 2106
924 2143
924 2159
924 2160
924 2175
924 2213
924 2256
924 2272
924 2277
924 2314
924 2403
924 2412
924 2415
924 2496
924 2506
924 2544
924 2554
924 2575
924 2591
924 2639
924 2643
924 2655
924 2652
924 2703
924 2752
924 2757
924 2768
924 2821
924 2826
924 2895
924 3024
924 3098
924 3103
924 3111
924 3117
924 3130
924 3167
924 3184
924 3183
924 3199
924 3236
924 3247
924 3280
924 3296
924 3301
924 3306
924 3338
924 3386
924 3407
924 3427
924 3436
924 3439
924 3520
924 3530
924 3574
924 3577
924 3591
924 3597
924 3599
924 3615
924 3647
924 3667
924 3676
924 3679
924 3776
924 3781
924 3824
924 3845
924 3850
924 3882
924 3887
924 3919
924 3951
924 4048
924 500
925 3871
925 4048
929 2261
929 2501
929 2618
929 2757
929 2773
929 2895
929 3045
929 3285
929 3301
929 3781
929 4037
931 2074
931 2079
931 2095
931 2106
931 2138
931 2143
931 2159
931 2170
931 2192
931 2256
931 2261
931 2319
931 2351
931 2383
931 2415
931 2419
931 2428
931 2479
931 2496
931 2501
931 2533
931 2545
931 2575
931 2586
931 2618
931 2623
931 2591
931 2757
931 2768
931 2826
931 2847
931 2863
931 2895
931 2927
931 3018
931 3024
931 3025
931 3028
931 3098
931 3103
931 3119
931 3162
931 3167
931 3183
931 3194
931 3199
931 3216
931 3231
931 3253
931 3280
931 3301
931 3306
931 3391
931 3407
931 3439
931 3440
931 3456
931 3503
931 3520
931 3557
931 3599
931 3615
931 3647
931 3728
931 3781
931 3786
931 3792
931 3797
931 3824
931 3850
931 3866
931 3871
931 3919
931 3951
931 4042
931 4048
931 497
931 753
931 977
932 2192
932 2757
932 3216
932 3301
932 3488
932 3642
932 3781
935 2863
935 3879
935 3885
940 1524
940 2004
940 2079
940 2074
940 2087
940 2093
940 2138
940 2159
940 2175
940 2192
940 2207
940 2256
940 2272
940 2277
940 2319
940 2362
940 2383
940 2415
940 2419
940 2428
940 2437
940 2496
940 2501
940 2506
940 2528
940 2533
940 2575
940 2704
940 2757
940 2768
940 2778
940 2800
940 2826
940 2842
940 2895
940 2899
940 2908
940 2976
940 3040
940 3045
940 3098
940 3119
940 3162
940 3167
940 3183
940 3199
940 3231
940 3280
940 3285
940 3296
940 3306
940 3322
940 3386
940 3407
940 3439
940 3440
940 3503
940 3520
940 3525
940 3552
940 3599
940 3610
940 3615
940 3642
940 3647
940 3728
940 3760
940 3776
940 3781
940 3792
940 3866
940 3871
940 3887
940 3919
940 3951
940 4042
940 4064
940 4069
940 851
941 2615
941 269
941 3794
941 3800
961 1150
961 1203
961 179
961 1923
961 2095
961 2106
961 2143
961 2159
961 2171
961 2174
961 2261
961 2314
961 2346
961 2350
961 2351
961 2362
961 2363
961 2366
961 2575
961 2591
961 2618
961 2623
961 2639
961 2655
961 2687
961 2752
961 2757
961 2842
961 2847
961 2858
961 2863
961 2891
961 2927
961 2944
961 2960
961 3119
961 3130
961 3131
961 3134
961 3167
961 3183
961 3248
961 3285
961 3301
961 3338
961 3343
961 3370
961 3375
961 3386
961 3391
961 3456
961 3552
961 3599
961 3610
961 3615
961 3642
961 3647
961 3663
961 3679
961 3711
961 3776
961 3781
961 3797
961 3850
961 3851
961 3854
961 3866
961 3871
961 3882
961 3887
961 3951
961 3968
961 3984
961 899
962 2071
962 2077
962 2079
962 2087
962 2093
962 2103
962 2109
962 2175
962 2192
962 2231
962 2237
962 2261
962 2311
962 2317
962 2319
962 2343
962 2349
962 2351
962 2359
962 2365
962 2367
962 2432
962 2496
962 2501
962 2533
962 2567
962 2573
962 2583
962 2589
962 2591
962 2615
962 2621
962 2752
962 2773
962 2801
962 2804
962 2823
962 2829
962 2839
962 2847
962 2845
962 2855
962 2861
962 2895
962 2960
962 3095
962 3101
962 3103
962 3111
962 3117
962 3127
962 3133
962 3199
962 3216
962 3248
962 3285
962 3301
962 3317
962 3335
962 3343
962 3367
962 3373
962 3375
962 3389
962 3383
962 3391
962 3456
962 3504
962 3520
962 3525
962 3557
962 3568
962 3591
962 3597
962 3599
962 3607
962 3613
962 3615
962 3639
962 3645
962 3647
962 3781
962 3797
962 3847
962 3853
962 3863
962 3869
962 3879
962 3871
962 3885
962 3887
962 3906
962 3912
962 3919
962 3968
962 3984
962 4000
962 843
964 1212
964 188
964 1932
964 2095
964 2106
964 2107
964 2110
964 2159
964 2175
964 2227
964 2224
964 2236
964 2261
964 2314
964 2319
964 2346
964 2351
964 2362
964 2501
964 2575
964 2586
964 2591
964 2618
964 2623
964 2639
964 2655
964 2687
964 2752
964 2757
964 2826
964 2827
964 2830
964 2842
964 2858
964 2863
964 2880
964 2944
964 2947
964 2949
964 2956
964 2960
964 3119
964 3130
964 3167
964 3183
964 3195
964 3198
964 3199
964 3285
964 3301
964 3306
964 3338
964 3370
964 3371
964 3374
964 3375
964 3386
964 3387
964 3390
964 3391
964 3456
964 3557
964 3599
964 3610
964 3615
964 3642
964 3647
964 3663
964 3711
964 3781
964 3797
964 3850
964 3866
964 3871
964 3882
964 3887
964 3915
964 3918
964 3951
964 3984
964 4000
966 2175
966 2346
966 2687
966 2944
966 3187
966 3196
966 3248
966 3968
968 1148
968 1868
968 2071
968 2077
968 2079
968 2087
968 2093
968 2103
968 2109
968 2162
968 2163
968 2168
968 2175
968 2192
968 2261
968 2239
968 2277
968 2293
968 2311
968 2317
968 2319
968 2343
968 2349
968 2351
968 2359
968 2365
968 2367
968 2432
968 2464
968 2480
968 2501
968 2496
968 2533
968 2567
968 2573
968 2575
968 2583
968 2589
968 2591
968 2615
968 2621
968 2757
968 2773
968 2805
968 2823
968 2829
968 2839
968 2845
968 2847
968 2855
968 2863
968 2880
968 2861
968 2895
968 2944
968 2960
968 2976
968 3095
968 3101
968 3103
968 3111
968 3117
968 3127
968 3133
968 3196
968 3187
968 3199
968 3216
968 3285
968 3301
968 3317
968 3335
968 3341
968 3367
968 3373
968 3375
968 3383
968 3389
968 3391
968 3456
968 3488
968 3504
968 3520
968 3525
968 3557
968 3591
968 3597
968 3599
968 3607
968 3613
968 3615
968 3645
968 3639
968 3647
968 3781
968 3797
968 3847
968 3853
968 3863
968 3869
968 3871
968 3879
968 3885
968 3887
968 3907
968 3916
968 3919
968 3984
968 4000
968 753
968 844
969 2480
969 2883
969 3199
969 3251
969 3260
969 3285
969 3317
969 3488
969 3968
977 1196
977 163
977 1939
977 2095
977 2106
977 2107
977 2110
977 2143
977 2159
977 2213
977 2239
977 2272
977 2277
977 2314
977 2319
977 2346
977 2347
977 2350
977 2351
977 2362
977 2367
977 2496
977 2554
977 2575
977 2586
977 2591
977 2618
977 2622
977 2623
977 2639
977 2655
977 2687
977 2752
977 2757
977 2826
977 2858
977 2863
977 2895
977 2944
977 2983
977 2989
977 3115
977 3118
977 3130
977 3119
977 3167
977 3183
977 3199
977 3235
977 3244
977 3301
977 3338
977 3343
977 3370
977 3371
977 3374
977 3375
977 3386
977 3387
977 3390
977 3391
977 3504
977 3595
977 3598
977 3599
977 3610
977 3642
977 3615
977 3647
977 3663
977 3679
977 3711
977 3850
977 3867
977 3866
977 3870
977 3882
977 3887
977 3919
977 3951
977 3968
977 4007
977 4013
977 643
978 1875
978 2071
978 2077
978 2103
978 2109
978 2175
978 2192
978 2224
978 2261
978 2293
978 2311
978 2317
978 2319
978 2343
978 2346
978 2349
978 2351
978 2359
978 2365
978 2367
978 2432
978 2480
978 2496
978 2501
978 2533
978 2567
978 2573
978 2575
978 2583
978 2586
978 2589
978 2591
978 2615
978 2623
978 2621
978 2687
978 2773
978 2823
978 2829
978 2839
978 2845
978 2855
978 2861
978 2863
978 2927
978 2944
978 2976
978 3095
978 3101
978 3127
978 3133
978 3178
978 3216
978 3199
978 3237
978 3248
978 3280
978 3285
978 3296
978 3317
978 3335
978 3341
978 3343
978 3367
978 3370
978 3373
978 3375
978 3383
978 3389
978 3391
978 3456
978 3504
978 3519
978 3525
978 3557
978 3578
978 3591
978 3597
978 3599
978 3607
978 3610
978 3615
978 3613
978 3639
978 3645
978 3647
978 3711
978 3776
978 3781
978 3797
978 3847
978 3853
978 3863
978 3869
978 3879
978 3887
978 3885
978 3951
978 3984
978 3968
978 4000
980 1187
980 1667
980 172
980 2094
980 2091
980 2095
980 2106
980 2107
980 2159
980 2211
980 2261
980 2282
980 2298
980 2314
980 2319
980 2346
980 2351
980 2362
980 2363
980 2366
980 2480
980 2496
980 2533
980 2571
980 2574
980 2591
980 2618
980 2623
980 2639
980 2655
980 2683
980 2687
980 2752
980 2826
980 2842
980 2843
980 2846
980 2858
980 2863
980 2880
980 2895
980 2944
980 2960
980 3119
980 3130
980 3134
980 3131
980 3183
980 3199
980 3285
980 3296
980 3306
980 3342
980 3343
980 3370
980 3375
980 3386
980 3451
980 3454
980 3456
980 3520
980 3590
980 3599
980 3642
980 3647
980 3663
980 3707
980 3710
980 3711
980 3776
980 3781
980 3797
980 3850
980 3882
980 3887
980 3919
980 3931
980 3934
980 3968
980 652
982 2277
982 3285
982 3391
982 3595
982 3968
984 173
984 1884
984 2071
984 2077
984 2103
984 2109
984 2154
984 2192
984 2224
984 2261
984 2293
984 2311
984 2317
984 2319
984 2343
984 2346
984 2351
984 2349
984 2359
984 2365
984 2432
984 2464
984 2480
984 2495
984 2501
984 2533
984 2567
984 2573
984 2575
984 2583
984 2589
984 2591
984 2615
984 2621
984 2623
984 2687
984 2773
984 2805
984 2823
984 2839
984 2829
984 2845
984 2855
984 2861
984 2863
984 2927
984 2944
984 2976
984 3045
984 3101
984 3127
984 3133
984 3216
984 3248
984 3285
984 3317
984 3335
984 3341
984 3343
984 3370
984 3367
984 3373
984 3375
984 3383
984 3389
984 3391
984 3456
984 3504
984 3488
984 3525
984 3557
984 3591
984 3597
984 3599
984 3607
984 3613
984 3639
984 3615
984 3645
984 3647
984 3711
984 3776
984 3797
984 3829
984 3847
984 3853
984 3863
984 3869
984 3879
984 3885
984 3887
984 3968
984 4000
985 2367
985 2944
985 3199
985 3301
993 1452
993 1692
993 2106
993 2159
993 2175
993 2261
993 2277
993 2319
993 2351
993 2362
993 2366
993 2363
993 2367
993 2432
993 248
993 2575
993 2591
993 2623
993 2639
993 2752
993 2757
993 2773
993 2826
993 2842
993 2858
993 2895
993 2944
993 2960
993 3130
993 3167
993 3183
993 3199
993 3285
993 3296
993 3306
993 3338
993 3343
993 3370
993 3371
993 3386
993 3391
993 3456
993 3488
993 3500
993 3520
993 3568
993 3599
993 3611
993 3614
993 3615
993 3642
993 3643
993 3647
993 3663
993 3679
993 3711
993 3776
993 3781
993 3797
993 3829
993 3850
993 3866
993 3871
993 3882
993 3919
993 3968
993 3984
993 4000
993 419
993 659
993 915
994 2071
994 2077
994 2079
994 2103
994 2109
994 2175
994 2207
994 2224
994 2256
994 2261
994 2277
994 2311
994 2319
994 2317
994 2343
994 2349
994 2346
994 2359
994 2351
994 2365
994 2367
994 2432
994 2480
994 2496
994 2501
994 2528
994 2545
994 2567
994 2573
994 2575
994 2583
994 2589
994 2591
994 2623
994 2687
994 2752
994 2773
994 2805
994 2823
994 2829
994 2839
994 2847
994 2845
994 2855
994 2927
994 2960
994 3095
994 3101
994 3103
994 3127
994 3133
994 3199
994 3216
994 3263
994 3285
994 3296
994 3301
994 3335
994 3341
994 3343
994 3367
994 3370
994 3373
994 3375
994 3383
994 3389
994 3391
994 3456
994 3552
994 3568
994 3591
994 3597
994 3599
994 3607
994 3613
994 3615
994 3639
994 3645
994 3647
994 3711
994 3797
994 3847
994 3853
994 3863
994 3869
994 3871
994 3951
994 3968
994 3984
996 1443
996 1683
996 2106
996 2143
996 2144
996 2159
996 2175
996 2192
996 2224
996 2229
996 2314
996 2319
996 2346
996 2347
996 2350
996 2351
996 2363
996 2366
996 2367
996 242
996 2483
996 2485
996 2492
996 2501
996 2496
996 2533
996 2575
996 2587
996 2590
996 2639
996 2655
996 2687
996 2757
996 2773
996 2830
996 2842
996 2843
996 2846
996 2847
996 2858
996 2859
996 2895
996 2944
996 2960
996 2963
996 2972
996 3130
996 3167
996 3183
996 3199
996 3216
996 3248
996 3253
996 3285
996 3301
996 3338
996 3339
996 3343
996 3370
996 3386
996 3391
996 3456
996 3525
996 3552
996 3557
996 3599
996 3615
996 3647
996 3663
996 3679
996 3711
996 3781
996 3792
996 3797
996 3851
996 3850
996 3854
996 3882
996 3871
996 3919
996 3968
996 3984
996 428
996 668
998 2346
998 2687
998 3391
998 3647
1000 2071
1000 2079
1000 2077
1000 2103
1000 2109
1000 2163
1000 2192
1000 2224
1000 2261
1000 2293
1000 2311
1000 2317
1000 2319
1000 2343
1000 2346
1000 2349
1000 2351
1000 2359
1000 2365
1000 2367
1000 2432
1000 2464
1000 2480
1000 2496
1000 2501
1000 2528
1000 2567
1000 2575
1000 2583
1000 2573
1000 2589
1000 2591
1000 2615
1000 2621
1000 2687
1000 2752
1000 2773
1000 2805
1000 2829
1000 2839
1000 2845
1000 2855
1000 2847
1000 2861
1000 2944
1000 2927
1000 2976
1000 3095
1000 3101
1000 3103
1000 3111
1000 3127
1000 3133
1000 3216
1000 3248
1000 3280
1000 3285
1000 3290
1000 3301
1000 3335
1000 3341
1000 3367
1000 3343
1000 3370
1000 3373
1000 3375
1000 3383
1000 3389
1000 3391
1000 3456
1000 3488
1000 3504
1000 3520
1000 3525
1000 3552
1000 3557
1000 3562
1000 3591
1000 3597
1000 3599
1000 3607
1000 3613
1000 3615
1000 3639
1000 3645
1000 3711
1000 3760
1000 3776
1000 3781
1000 3797
1000 3829
1000 3847
1000 3853
1000 3863
1000 3871
1000 3869
1000 3968
1000 497
1001 2623
1001 3216
1001 3285
1001 3391
1046 2432
1046 2586
1046 2773
1046 2927
1046 3297
1046 3520
1046 3776
1046 3777
1046 3780
1047 1203
1047 2159
1047 2175
1047 2192
1047 2272
1047 2264
1047 2274
1047 2280
1047 2290
1047 2296
1047 2314
1047 2346
1047 2432
1047 2496
1047 2498
1047 2504
1047 2528
1047 2530
1047 2533
1047 2536
1047 2544
1047 2546
1047 2552
1047 2571
1047 2586
1047 2618
1047 2623
1047 2639
1047 2655
1047 2687
1047 2682
1047 2754
1047 2752
1047 2760
1047 2768
1047 2770
1047 2773
1047 2800
1047 2776
1047 2802
1047 2808
1047 2842
1047 2858
1047 2863
1047 2895
1047 3010
1047 3016
1047 3026
1047 3032
1047 3040
1047 3042
1047 3048
1047 3183
1047 3199
1047 3263
1047 3296
1047 3298
1047 3304
1047 3314
1047 3320
1047 3338
1047 3370
1047 3407
1047 3456
1047 3522
1047 3528
1047 3554
1047 3560
1047 3568
1047 3570
1047 3576
1047 3610
1047 3615
1047 3642
1047 3663
1047 3679
1047 3711
1047 3776
1047 3778
1047 3784
1047 3792
1047 3794
1047 3797
1047 3800
1047 3826
1047 3824
1047 3832
1047 3850
1047 3861
1047 3866
1047 3877
1047 3882
1047 4034
1047 4040
1047 4050
1047 4056
1047 4064
1047 4066
1047 4072
1047 526
1049 2496
1049 3297
1049 3300
1049 3456
1049 3776
1049 3777
1049 3780
1049 3797
1049 3951
1051 1123
1051 1379
1051 1603
1051 1619
1051 1805
1051 2159
1051 2175
1051 2224
1051 2261
1051 2272
1051 2293
1051 2346
1051 2351
1051 2362
1051 2464
1051 2480
1051 2496
1051 2528
1051 2544
1051 2591
1051 2627
1051 2636
1051 2687
1051 2752
1051 2753
1051 2756
1051 2757
1051 2768
1051 2800
1051 2805
1051 2858
1051 2890
1051 2944
1051 2959
1051 2960
1051 2975
1051 2976
1051 3013
1051 3167
1051 3183
1051 3199
1051 3248
1051 3285
1051 3296
1051 3317
1051 3370
1051 3386
1051 3456
1051 3488
1051 3504
1051 3520
1051 3552
1051 3556
1051 3553
1051 3610
1051 364
1051 3642
1051 3647
1051 3658
1051 3711
1051 3776
1051 3781
1051 3792
1051 3797
1051 3824
1051 3829
1051 3866
1051 3882
1051 3914
1051 3919
1051 3951
1051 3968
1051 3983
1051 3984
1051 3999
1051 4000
1051 4037
1051 604
1053 1547
1053 2175
1053 2264
1053 2272
1053 2274
1053 2280
1053 2290
1053 2296
1053 2346
1053 2432
1053 2498
1053 2504
1053 2528
1053 2530
1053 2533
1053 2536
1053 2546
1053 2552
1053 2586
1053 2618
1053 2687
1053 2752
1053 2754
1053 2760
1053 2770
1053 2768
1053 2773
1053 2776
1053 2800
1053 2808
1053 2802
1053 2842
1053 2847
1053 2858
1053 2895
1053 2927
1053 2944
1053 3010
1053 3016
1053 3040
1053 3042
1053 3048
1053 3183
1053 3199
1053 3216
1053 3296
1053 3298
1053 3304
1053 3314
1053 3320
1053 3338
1053 3370
1053 3386
1053 3391
1053 3456
1053 3520
1053 3522
1053 3528
1053 3552
1053 3554
1053 3557
1053 3568
1053 3560
1053 3576
1053 3570
1053 3610
1053 3642
1053 3647
1053 3679
1053 3711
1053 3778
1053 3776
1053 3784
1053 3794
1053 3797
1053 3800
1053 3824
1053 3826
1053 3832
1053 3866
1053 3871
1053 3882
1053 3887
1053 3919
1053 3951
1053 3968
1053 4034
1053 4040
1053 4064
1053 4066
1053 4072
1054 1388
1054 1628
1054 1660
1054 1732
1054 1799
1054 2143
1054 2175
1054 2224
1054 2261
1054 2277
1054 2293
1054 2432
1054 2464
1054 2480
1054 2501
1054 2528
1054 2529
1054 2532
1054 2544
1054 2623
1054 2752
1054 2753
1054 2756
1054 2757
1054 2768
1054 2772
1054 2773
1054 2800
1054 2805
1054 2842
1054 2858
1054 2863
1054 2944
1054 2960
1054 2976
1054 3013
1054 3183
1054 3199
1054 3248
1054 3285
1054 3296
1054 3301
1054 3316
1054 3317
1054 3386
1054 3375
1054 3391
1054 3456
1054 3504
1054 3520
1054 355
1054 3552
1054 3568
1054 3615
1054 3776
1054 3781
1054 3797
1054 3824
1054 3825
1054 3866
1054 3871
1054 3887
1054 3882
1054 3968
1054 3984
1054 4000
1054 4037
1054 595
1054 588
1062 2627
1062 2636
1062 2842
1062 2944
1062 3199
1062 3569
1062 3572
1062 3776
1062 4049
1062 4052
1063 2143
1063 2175
1063 2211
1063 2220
1063 2256
1063 2258
1063 2261
1063 2264
1063 2274
1063 2280
1063 2290
1063 2296
1063 2314
1063 2319
1063 2346
1063 2432
1063 2496
1063 2498
1063 2504
1063 2528
1063 2530
1063 2536
1063 2544
1063 2546
1063 2552
1063 2586
1063 2613
1063 2618
1063 2639
1063 2655
1063 2687
1063 2752
1063 2754
1063 2760
1063 2768
1063 2773
1063 2770
1063 2776
1063 2800
1063 2802
1063 2808
1063 2858
1063 2895
1063 2927
1063 3010
1063 3016
1063 3167
1063 3183
1063 3199
1063 3280
1063 3282
1063 3288
1063 3298
1063 3304
1063 3314
1063 3320
1063 3338
1063 3343
1063 3370
1063 3391
1063 3456
1063 3520
1063 3522
1063 3528
1063 3552
1063 3554
1063 3560
1063 3568
1063 3576
1063 3570
1063 3610
1063 3642
1063 3647
1063 3648
1063 3663
1063 3679
1063 3711
1063 3776
1063 3778
1063 3792
1063 3794
1063 3784
1063 3797
1063 3800
1063 3826
1063 3832
1063 3850
1063 3882
1063 3919
1063 3951
1063 3989
1063 4034
1063 4040
1063 4072
1063 505
1065 2752
1065 3183
1065 3386
1065 3919
1065 498
1067 1123
1067 1875
1067 2131
1067 2212
1067 2224
1067 2256
1067 2260
1067 2257
1067 2261
1067 2277
1067 2362
1067 2367
1067 2432
1067 2471
1067 2464
1067 2477
1067 2480
1067 2496
1067 2497
1067 2500
1067 2501
1067 2528
1067 2532
1067 2544
1067 2550
1067 2553
1067 2618
1067 2687
1067 269
1067 2752
1067 2757
1067 2768
1067 2772
1067 2769
1067 2773
1067 2800
1067 2805
1067 2837
1067 2847
1067 2960
1067 2976
1067 3009
1067 3012
1067 3013
1067 3024
1067 3183
1067 3248
1067 3280
1067 3281
1067 3284
1067 3285
1067 3297
1067 3300
1067 3301
1067 3317
1067 3370
1067 3456
1067 3504
1067 3520
1067 3521
1067 3524
1067 3525
1067 3568
1067 3572
1067 3569
1067 3637
1067 3663
1067 3711
1067 3777
1067 3780
1067 3781
1067 3792
1067 3793
1067 3796
1067 3797
1067 3824
1067 3828
1067 3825
1067 3914
1067 3923
1067 3932
1067 3951
1067 3984
1067 3968
1067 4037
1067 4048
1067 4049
1067 4052
1067 4069
1067 724
1067 83
1067 860
1069 2143
1069 2175
1069 2192
1069 2264
1069 2258
1069 2274
1069 2280
1069 2290
1069 2296
1069 2314
1069 2319
1069 2346
1069 2367
1069 2432
1069 2496
1069 2498
1069 2504
1069 2528
1069 2530
1069 2533
1069 2536
1069 2544
1069 2546
1069 2552
1069 2618
1069 2623
1069 2624
1069 2639
1069 2655
1069 2687
1069 2752
1069 2754
1069 2760
1069 2768
1069 2770
1069 2773
1069 2776
1069 2800
1069 2802
1069 2808
1069 2826
1069 2847
1069 2858
1069 2895
1069 2965
1069 3010
1069 3016
1069 3042
1069 3167
1069 3183
1069 3199
1069 3216
1069 3280
1069 3282
1069 3288
1069 3298
1069 3304
1069 3314
1069 3320
1069 3338
1069 3343
1069 3370
1069 3456
1069 3520
1069 3522
1069 3528
1069 3554
1069 3557
1069 3568
1069 3560
1069 3570
1069 3576
1069 3610
1069 3642
1069 3711
1069 3679
1069 3776
1069 3792
1069 3794
1069 3797
1069 3800
1069 3826
1069 3824
1069 3832
1069 3882
1069 3887
1069 3919
1069 3951
1069 4034
1069 4040
1070 1612
1070 1884
1070 2159
1070 2224
1070 2256
1070 2261
1070 2273
1070 2276
1070 2277
1070 2293
1070 2319
1070 2432
1070 2464
1070 2480
1070 2496
1070 2501
1070 2528
1070 2544
1070 2545
1070 2548
1070 2623
1070 2639
1070 2753
1070 2756
1070 2757
1070 2768
1070 2773
1070 2805
1070 2842
1070 2880
1070 2899
1070 2908
1070 2960
1070 3009
1070 3012
1070 3013
1070 3024
1070 3025
1070 3028
1070 3041
1070 3183
1070 3199
1070 3248
1070 3280
1070 3285
1070 3313
1070 3317
1070 3391
1070 3386
1070 3456
1070 3488
1070 3504
1070 3520
1070 3525
1070 3568
1070 3615
1070 3776
1070 3781
1070 3792
1070 3797
1070 3824
1070 3828
1070 3829
1070 3825
1070 3866
1070 3887
1070 3904
1070 3968
1070 3984
1070 4037
1070 4048
1070 851
1078 2175
1078 2655
1078 2883
1078 2892
1078 2944
1078 3199
1078 3251
1078 3663
1078 3851
1078 3854
1079 1294
1079 179
1079 1923
1079 2159
1079 2224
1079 2227
1079 2236
1079 2256
1079 2258
1079 2261
1079 2264
1079 2272
1079 2274
1079 2280
1079 2282
1079 2290
1079 2294
1079 2297
1079 2296
1079 2346
1079 2362
1079 2479
1079 2483
1079 2492
1079 2498
1079 2501
1079 2504
1079 2528
1079 2530
1079 2536
1079 2544
1079 2546
1079 2552
1079 2586
1079 2591
1079 2618
1079 2639
1079 2655
1079 2687
1079 2752
1079 2754
1079 2760
1079 2768
1079 2770
1079 2776
1079 2800
1079 2808
1079 2837
1079 2826
1079 2842
1079 2858
1079 2927
1079 2944
1079 2956
1079 3010
1079 3016
1079 3026
1079 3032
1079 3040
1079 3042
1079 3048
1079 3167
1079 3183
1079 3199
1079 3231
1079 3248
1079 3263
1079 3282
1079 3285
1079 3288
1079 3296
1079 3298
1079 3304
1079 3306
1079 3314
1079 3338
1079 3320
1079 3370
1079 3386
1079 3520
1079 3522
1079 3525
1079 3528
1079 3552
1079 3554
1079 3560
1079 3570
1079 3576
1079 3610
1079 3615
1079 3647
1079 3642
1079 3663
1079 3679
1079 3711
1079 3776
1079 3778
1079 3784
1079 3792
1079 3794
1079 3800
1079 3826
1079 3832
1079 3850
1079 3861
1079 3866
1079 3882
1079 3904
1079 3951
1079 3968
1079 3971
1079 4034
1079 4040
1079 4048
1079 4050
1079 4056
1079 4064
1079 4072
1079 4066
1079 899
1081 188
1081 2143
1081 2175
1081 2362
1081 2639
1081 2773
1081 2947
1081 2956
1081 3679
1081 3850
1081 3919
1081 3968
1083 115
1083 1859
1083 2143
1083 2159
1083 2170
1083 2192
1083 2207
1083 2225
1083 2228
1083 2256
1083 2261
1083 2272
1083 2277
1083 2282
1083 2293
1083 2362
1083 2432
1083 2464
1083 2480
1083 2496
1083 2501
1083 2528
1083 2533
1083 2544
1083 2753
1083 2756
1083 2757
1083 2768
1083 2773
1083 2800
1083 2805
1083 2837
1083 2945
1083 2948
1083 2960
1083 3013
1083 3024
1083 3199
1083 3231
1083 3263
1083 3280
1083 3285
1083 3296
1083 3301
1083 3306
1083 3313
1083 3316
1083 3318
1083 3321
1083 3386
1083 3391
1083 3456
1083 3488
1083 3520
1083 3525
1083 3552
1083 3568
1083 3557
1083 3642
1083 3663
1083 3711
1083 3776
1083 3792
1083 3781
1083 3797
1083 3825
1083 3829
1083 3861
1083 3919
1083 3968
1083 3984
1083 4000
1083 4033
1083 4037
1083 4036
1083 4048
1083 835
1085 1291
1085 188
1085 2159
1085 2175
1085 2224
1085 2231
1085 2237
1085 2256
1085 2258
1085 2272
1085 2264
1085 2274
1085 2280
1085 2290
1085 2296
1085 2314
1085 2346
1085 249
1085 2498
1085 2504
1085 2528
1085 2530
1085 2536
1085 2544
1085 2546
1085 2552
1085 2586
1085 2591
1085 2687
1085 2752
1085 2754
1085 2760
1085 2768
1085 2770
1085 2776
1085 2802
1085 2800
1085 2808
1085 2842
1085 2847
1085 2858
1085 2880
1085 2927
1085 2944
1085 3010
1085 3016
1085 3026
1085 3032
1085 3042
1085 3040
1085 3048
1085 3167
1085 3183
1085 3248
1085 3280
1085 3282
1085 3288
1085 3296
1085 3298
1085 3304
1085 3314
1085 3320
1085 3370
1085 3391
1085 3520
1085 3522
1085 3528
1085 3552
1085 3554
1085 3560
1085 3570
1085 3576
1085 3610
1085 3642
1085 3711
1085 3776
1085 3778
1085 3784
1085 3792
1085 3794
1085 3797
1085 3824
1085 3800
1085 3826
1085 3832
1085 3850
1085 3866
1085 3882
1085 3906
1085 3912
1085 3951
1085 3968
1085 4034
1085 4040
1085 4056
1085 4064
1085 4066
1085 4072
1086 1148
1086 115
1086 124
1086 1868
1086 2159
1086 2163
1086 2175
1086 2192
1086 2256
1086 2261
1086 2272
1086 2277
1086 2289
1086 2292
1086 2362
1086 2367
1086 2432
1086 2464
1086 2480
1086 2496
1086 2501
1086 2528
1086 2533
1086 2544
1086 2757
1086 2768
1086 2773
1086 2800
1086 2805
1086 2863
1086 2895
1086 2944
1086 2960
1086 2976
1086 3009
1086 3012
1086 3013
1086 3024
1086 3183
1086 3249
1086 3252
1086 3280
1086 3285
1086 3296
1086 3301
1086 3386
1086 3391
1086 3456
1086 3504
1086 3520
1086 3525
1086 3552
1086 3557
1086 3568
1086 3615
1086 3647
1086 3711
1086 3776
1086 3777
1086 3780
1086 3781
1086 3792
1086 3797
1086 3829
1086 3969
1086 3972
1086 3984
1086 4000
1086 4048
1086 4049
1086 897
1106 2349
1106 2496
1106 3375
1106 3829
1107 1547
1107 2079
1107 2095
1107 2101
1107 2192
1107 2211
1107 2220
1107 2224
1107 2256
1107 2272
1107 2277
1107 2282
1107 2351
1107 2362
1107 2416
1107 2432
1107 2496
1107 2501
1107 2533
1107 2544
1107 2586
1107 2591
1107 2613
1107 2618
1107 2623
1107 2640
1107 2691
1107 2700
1107 2704
1107 2736
1107 2757
1107 2858
1107 2847
1107 2863
1107 2912
1107 2927
1107 2944
1107 2959
1107 2960
1107 2976
1107 2981
1107 3013
1107 3024
1107 3045
1107 3098
1107 3296
1107 3301
1107 3306
1107 3322
1107 3365
1107 3375
1107 3386
1107 3391
1107 3439
1107 3568
1107 3610
1107 3615
1107 3637
1107 3647
1107 3664
1107 3706
1107 3727
1107 3728
1107 3760
1107 3781
1107 3824
1107 3861
1107 3871
1107 3887
1107 3936
1107 3951
1107 3968
1107 3983
1107 3984
1107 4000
1107 4005
1107 4042
1107 4048
1107 4064
1107 4069
1112 2351
1112 3280
1115 2314
1115 2362
1115 2501
1115 2655
1115 2842
1115 3386
1115 3866
1116 2074
1116 2079
1116 2192
1116 2211
1116 2220
1116 2272
1116 2277
1116 2293
1116 2346
1116 2351
1116 2362
1116 2415
1116 2528
1116 2533
1116 2544
1116 2586
1116 2591
1116 2613
1116 2623
1116 2640
1116 2691
1116 2700
1116 2736
1116 2704
1116 2752
1116 2768
1116 2826
1116 2837
1116 2842
1116 2847
1116 2863
1116 2912
1116 2927
1116 2949
1116 2960
1116 2981
1116 2976
1116 3013
1116 3045
1116 3098
1116 3130
1116 3248
1116 3280
1116 3296
1116 3301
1116 3317
1116 3375
1116 3386
1116 3439
1116 3552
1116 3557
1116 3568
1116 3610
1116 3615
1116 3642
1116 3647
1116 3664
1116 3663
1116 3727
1116 3728
1116 3760
1116 3776
1116 3792
1116 3824
1116 3850
1116 3861
1116 3866
1116 3871
1116 3882
1116 3887
1116 3936
1116 3951
1116 3973
1116 3984
1116 4000
1116 4005
1116 4048
1116 4064
1116 4069
1118 2106
1118 2618
1118 2842
1118 2858
1118 3130
1118 3525
1118 3642
1118 3882
1118 4037
1122 2175
1122 2272
1122 2895
1122 3298
1123 1051
1123 1067
1123 1083
1123 1291
1123 1474
1123 1547
1123 2079
1123 2095
1123 210
1123 2192
1123 2224
1123 2229
1123 2239
1123 2261
1123 2293
1123 2298
1123 2319
1123 2362
1123 2367
1123 2464
1123 2533
1123 2544
1123 2546
1123 2575
1123 2613
1123 2623
1123 2640
1123 2704
1123 2805
1123 2837
1123 2842
1123 2847
1123 2863
1123 2907
1123 2910
1123 2944
1123 2959
1123 2960
1123 2976
1123 2981
1123 3013
1123 3024
1123 3040
1123 3045
1123 3098
1123 3103
1123 3119
1123 315
1123 3248
1123 3280
1123 3285
1123 3317
1123 3343
1123 3391
1123 3439
1123 3488
1123 3504
1123 3520
1123 3530
1123 3552
1123 3568
1123 3578
1123 3589
1123 3637
1123 3647
1123 3760
1123 3829
1123 3861
1123 3866
1123 3871
1123 3887
1123 3930
1123 3968
1123 3973
1123 4000
1123 4005
1123 4037
1123 4064
1123 4069
1123 450
1128 163
1128 2367
1128 2847
1128 3119
1131 3300
1131 3866
1132 1550
1132 2074
1132 2079
1132 2095
1132 2192
1132 2224
1132 2256
1132 2261
1132 2293
1132 2314
1132 2351
1132 2367
1132 2415
1132 2476
1132 2467
1132 2464
1132 2496
1132 2528
1132 2544
1132 2565
1132 2618
1132 2623
1132 2655
1132 2640
1132 2704
1132 2736
1132 2716
1132 2707
1132 2800
1132 2805
1132 2837
1132 2858
1132 2863
1132 2906
1132 2959
1132 2944
1132 2976
1132 2981
1132 3013
1132 3024
1132 3040
1132 3045
1132 3099
1132 3119
1132 3175
1132 3181
1132 3248
1132 3280
1132 3263
1132 3285
1132 3317
1132 3343
1132 3375
1132 3381
1132 3386
1132 3391
1132 3407
1132 3491
1132 3500
1132 3503
1132 3488
1132 3520
1132 3552
1132 3568
1132 3570
1132 3647
1132 3664
1132 3731
1132 3740
1132 3760
1132 3781
1132 3792
1132 3829
1132 3824
1132 3776
1132 3866
1132 3871
1132 3973
1132 3887
1132 4000
1132 4005
1132 4037
1132 4048
1132 4056
1132 4064
1132 46
1133 3171
1134 2858
1134 3525
1134 3781
1134 3850
1138 2106
1138 2224
1138 2826
1138 2944
1138 3130
1138 3167
1138 3199
1138 3314
1138 3845
1138 3850
1138 908
1139 1803
1139 1986
1139 2079
1139 2095
1139 2192
1139 2256
1139 2224
1139 2261
1139 2272
1139 2277
1139 2282
1139 2319
1139 2351
1139 2362
1139 2367
1139 242
1139 246
1139 2501
1139 2533
1139 2544
1139 2575
1139 2586
1139 2591
1139 2613
1139 2623
1139 2703
1139 2704
1139 2736
1139 2757
1139 2768
1139 2837
1139 2842
1139 2847
1139 2863
1139 2912
1139 2927
1139 2944
1139 2960
1139 2949
1139 2976
1139 2981
1139 3013
1139 3045
1139 3119
1139 3216
1139 3248
1139 3253
1139 3280
1139 3296
1139 3301
1139 3318
1139 3343
1139 3375
1139 3386
1139 3520
1139 3504
1139 3530
1139 3552
1139 3557
1139 3568
1139 3599
1139 3615
1139 3647
1139 3727
1139 3760
1139 3781
1139 3792
1139 3845
1139 3861
1139 3871
1139 3887
1139 3920
1139 3936
1139 3946
1139 3951
1139 3984
1139 4000
1139 4048
1139 4064
1139 59
1139 779
1139 909
1144 179
1144 2106
1144 2224
1144 2227
1144 2236
1144 2290
1144 2296
1144 2826
1144 2956
1144 2947
1144 3248
1144 3847
1144 3853
1144 3968
1144 3973
1144 899
1147 2106
1147 2293
1147 2362
1147 2501
1147 2826
1147 3013
1147 3313
1147 3316
1147 3386
1147 4033
1147 4036
1148 1086
1148 1806
1148 183
1148 2095
1148 2192
1148 2207
1148 2224
1148 2256
1148 2261
1148 2277
1148 2272
1148 2319
1148 2351
1148 2362
1148 2415
1148 248
1148 249
1148 2496
1148 2501
1148 2528
1148 2533
1148 2544
1148 2575
1148 2586
1148 2591
1148 2640
1148 2687
1148 2704
1148 2736
1148 2757
1148 2768
1148 2800
1148 2821
1148 2842
1148 2847
1148 2858
1148 2863
1148 2944
1148 2960
1148 2976
1148 3014
1148 3017
1148 3024
1148 3040
1148 3045
1148 3098
1148 3119
1148 3130
1148 3131
1148 3216
1148 3248
1148 3280
1148 3263
1148 3285
1148 3296
1148 3301
1148 3343
1148 3370
1148 3375
1148 3386
1148 3439
1148 3440
1148 3520
1148 3525
1148 3552
1148 3557
1148 3568
1148 3599
1148 3610
1148 3615
1148 3647
1148 3663
1148 3711
1148 3727
1148 3760
1148 3792
1148 3781
1148 3824
1148 3850
1148 3851
1148 3866
1148 3871
1148 3887
1148 3936
1148 3951
1148 3968
1148 3984
1148 4037
1148 4048
1148 4064
1148 4069
1148 62
1148 782
1148 903
1148 968
1150 2289
1150 2292
1150 2586
1150 3009
1150 3012
1150 3130
1150 3386
1150 3407
1150 3850
1150 3919
1150 4037
1150 961
1169 2293
1169 2591
1169 2960
1169 3285
1169 3598
1169 3679
1169 3829
1171 1745
1171 2079
1171 2095
1171 2106
1171 2159
1171 2175
1171 2256
1171 2272
1171 2293
1171 2298
1171 2341
1171 2319
1171 2346
1171 2351
1171 2362
1171 2367
1171 2464
1171 2480
1171 2575
1171 2591
1171 2618
1171 2623
1171 2640
1171 2682
1171 2687
1171 2736
1171 2752
1171 2757
1171 2805
1171 2826
1171 2842
1171 2847
1171 2858
1171 2863
1171 2895
1171 2981
1171 3013
1171 3024
1171 3040
1171 3119
1171 3130
1171 3199
1171 3237
1171 3296
1171 3301
1171 3317
1171 3338
1171 3370
1171 3375
1171 3386
1171 3391
1171 3436
1171 3427
1171 3504
1171 3552
1171 3578
1171 3599
1171 3610
1171 3615
1171 3637
1171 3642
1171 3647
1171 3667
1171 3676
1171 3679
1171 3711
1171 3728
1171 3776
1171 3781
1171 3792
1171 3824
1171 3850
1171 3866
1171 3871
1171 3882
1171 3887
1171 3914
1171 3919
1171 3951
1171 4048
1171 4064
1171 4069
1171 484
1171 724
1172 2261
1172 2314
1172 2655
1172 3115
1172 3118
1172 3595
1172 3598
1172 3615
1175 2071
1175 3103
1175 3402
1175 3743
1180 1508
1180 1748
1180 2106
1180 2159
1180 2175
1180 2272
1180 2314
1180 2351
1180 2362
1180 2367
1180 2403
1180 2412
1180 2416
1180 2496
1180 2544
1180 2575
1180 2591
1180 2613
1180 2618
1180 2623
1180 2640
1180 2643
1180 2652
1180 2655
1180 2687
1180 2752
1180 2768
1180 2800
1180 2826
1180 2837
1180 2842
1180 2847
1180 2858
1180 2863
1180 2890
1180 2959
1180 2976
1180 3024
1180 3040
1180 3103
1180 3125
1180 3130
1180 3167
1180 317
1180 3183
1180 3199
1180 3237
1180 3296
1180 3322
1180 3365
1180 3386
1180 3440
1180 3520
1180 3530
1180 3568
1180 3578
1180 3599
1180 3610
1180 3615
1180 3637
1180 3642
1180 3647
1180 3664
1180 3706
1180 3776
1180 3792
1180 3824
1180 3850
1180 3866
1180 3871
1180 3882
1180 3887
1180 3919
1180 3951
1180 4000
1180 4005
1180 4048
1180 4064
1180 481
1180 721
1181 3760
1185 2571
1185 2847
1185 2975
1185 3301
1185 3317
1187 1521
1187 2001
1187 2106
1187 2131
1187 2140
1187 2143
1187 2159
1187 2175
1187 2256
1187 2277
1187 2293
1187 2341
1187 2351
1187 2362
1187 2367
1187 2371
1187 2380
1187 2383
1187 2415
1187 2416
1187 2432
1187 2575
1187 2613
1187 2591
1187 2618
1187 2634
1187 2639
1187 2682
1187 2687
1187 2736
1187 2752
1187 2757
1187 2762
1187 2768
1187 2773
1187 2800
1187 2826
1187 2837
1187 2842
1187 2847
1187 2863
1187 2944
1187 2960
1187 2975
1187 3040
1187 3103
1187 311
1187 3155
1187 3164
1187 3167
1187 3183
1187 3199
1187 3280
1187 3285
1187 3317
1187 3370
1187 3375
1187 3386
1187 3391
1187 3407
1187 3439
1187 3443
1187 3452
1187 3552
1187 3568
1187 3615
1187 3637
1187 3642
1187 3647
1187 3706
1187 3711
1187 3781
1187 3792
1187 3824
1187 3829
1187 3850
1187 3866
1187 3871
1187 3882
1187 3887
1187 39
1187 3919
1187 3923
1187 3932
1187 3951
1187 3984
1187 4037
1187 4048
1187 4049
1187 4052
1187 4064
1187 4069
1187 980
1188 2277
1188 2363
1188 2366
1188 2843
1188 2960
1188 2963
1188 3115
1188 3301
1188 3317
1188 3391
1188 3595
1188 3598
1188 3797
1188 3871
1196 1325
1196 1565
1196 2004
1196 2074
1196 2095
1196 2106
1196 2159
1196 2170
1196 2256
1196 2341
1196 2351
1196 2362
1196 2367
1196 2383
1196 2415
1196 2416
1196 2419
1196 2432
1196 2428
1196 2528
1196 2586
1196 2591
1196 2613
1196 2618
1196 2634
1196 2639
1196 2682
1196 2687
1196 2757
1196 2761
1196 2758
1196 2768
1196 2773
1196 2800
1196 2821
1196 2826
1196 2842
1196 2847
1196 2858
1196 2863
1196 2890
1196 2899
1196 2908
1196 2912
1196 2927
1196 2960
1196 2975
1196 3103
1196 3130
1196 3183
1196 3280
1196 3296
1196 3322
1196 3370
1196 3375
1196 3386
1196 3391
1196 3407
1196 3440
1196 3488
1196 3504
1196 3520
1196 3552
1196 3568
1196 3610
1196 3615
1196 3637
1196 3647
1196 3711
1196 3781
1196 3792
1196 3797
1196 3824
1196 3845
1196 3829
1196 3850
1196 3861
1196 3866
1196 3871
1196 3882
1196 3887
1196 3914
1196 3919
1196 3936
1196 3984
1196 4042
1196 4048
1196 4064
1196 497
1196 525
1196 541
1196 977
1201 2107
1201 2110
1201 2143
1201 2805
1201 2827
1201 2830
1201 3045
1201 3317
1201 3488
1201 3781
1201 3760
1201 3829
1201 3850
1201 3968
1201 4000
1201 4037
1201 782
1203 1985
1203 2074
1203 2079
1203 2095
1203 2143
1203 2159
1203 2175
1203 2261
1203 2272
1203 2277
1203 2282
1203 2293
1203 2319
1203 2346
1203 2351
1203 2362
1203 2367
1203 241
1203 2415
1203 2416
1203 244
1203 2480
1203 2586
1203 2591
1203 2613
1203 2618
1203 2623
1203 2639
1203 2687
1203 2757
1203 2768
1203 2800
1203 2842
1203 2847
1203 2858
1203 2863
1203 2890
1203 2895
1203 2927
1203 2960
1203 3013
1203 3018
1203 3098
1203 3103
1203 3183
1203 3199
1203 3280
1203 3296
1203 3301
1203 3316
1203 3317
1203 3313
1203 3343
1203 3365
1203 3370
1203 3375
1203 3391
1203 3386
1203 3407
1203 3504
1203 3599
1203 3610
1203 3615
1203 3637
1203 3663
1203 3711
1203 3776
1203 3781
1203 3792
1203 3824
1203 3850
1203 3866
1203 3871
1203 3882
1203 3887
1203 3914
1203 3919
1203 3951
1203 3984
1203 3999
1203 4000
1203 4048
1203 4064
1203 54
1203 55
1203 775
1203 840
1203 961
1204 2143
1204 2293
1204 2736
1204 2826
1204 2976
1204 3013
1204 3131
1204 3134
1204 3317
1204 3851
1204 3854
1204 779
1207 2103
1207 2175
1207 2293
1207 2895
1207 3013
1207 3199
1207 3914
1207 3919
1207 4034
1207 4040
1212 114
1212 1268
1212 1988
1212 2074
1212 2079
1212 2138
1212 2143
1212 2159
1212 2175
1212 2256
1212 2272
1212 2282
1212 2314
1212 2319
1212 2351
1212 2362
1212 2383
1212 241
1212 2415
1212 244
1212 2479
1212 2480
1212 2495
1212 2506
1212 2544
1212 2575
1212 2591
1212 2639
1212 2655
1212 2752
1212 2757
1212 2768
1212 2800
1212 2826
1212 2837
1212 2842
1212 2847
1212 2858
1212 2863
1212 2890
1212 2895
1212 2912
1212 2927
1212 2960
1212 3014
1212 3017
1212 3024
1212 3040
1212 3098
1212 3103
1212 3119
1212 3167
1212 3183
1212 3199
1212 3280
1212 3296
1212 3317
1212 3338
1212 3343
1212 3365
1212 3370
1212 3375
1212 3386
1212 3391
1212 3407
1212 3439
1212 3504
1212 3503
1212 3530
1212 3568
1212 3599
1212 3610
1212 3615
1212 3642
1212 3663
1212 3679
1212 3706
1212 3711
1212 3776
1212 3781
1212 3792
1212 3824
1212 3845
1212 3871
1212 3887
1212 3918
1212 3919
1212 3951
1212 3969
1212 3972
1212 3984
1212 4042
1212 4048
1212 57
1212 61
1212 781
1212 834
1212 964
1213 2175
1213 2293
1213 2895
1213 3013
1213 3317
1213 4037
1213 4042
1233 1411
1233 2074
1233 2091
1233 2094
1233 2106
1233 2159
1233 2175
1233 2192
1233 2319
1233 2346
1233 2347
1233 2350
1233 2351
1233 2362
1233 2363
1233 2366
1233 2367
1233 2383
1233 2415
1233 2432
1233 2533
1233 2571
1233 2574
1233 2575
1233 2586
1233 2618
1233 2623
1233 2639
1233 2687
1233 2768
1233 2773
1233 2826
1233 2847
1233 2858
1233 2863
1233 2895
1233 2927
1233 2960
1233 2959
1233 3119
1233 3130
1233 3343
1233 3375
1233 3386
1233 3391
1233 3552
1233 3568
1233 3599
1233 3642
1233 3647
1233 3663
1233 3776
1233 3781
1233 3792
1233 3850
1233 3871
1233 3882
1233 3887
1233 3919
1233 3983
1233 3984
1234 2077
1234 2087
1234 2093
1234 2095
1234 2103
1234 2109
1234 2143
1234 2192
1234 2224
1234 2311
1234 2317
1234 2351
1234 2359
1234 2365
1234 2367
1234 2383
1234 2464
1234 2533
1234 2544
1234 2573
1234 2575
1234 2589
1234 2591
1234 2615
1234 2621
1234 2623
1234 2704
1234 2736
1234 2805
1234 2823
1234 2829
1234 2839
1234 2845
1234 2855
1234 2861
1234 2863
1234 2895
1234 2944
1234 2959
1234 2960
1234 2976
1234 3013
1234 3045
1234 3111
1234 3117
1234 3119
1234 3127
1234 3133
1234 3167
1234 3248
1234 3335
1234 3341
1234 3343
1234 3367
1234 3373
1234 3375
1234 3383
1234 3389
1234 3391
1234 3407
1234 3488
1234 3504
1234 3520
1234 3525
1234 3591
1234 3597
1234 3599
1234 3607
1234 3639
1234 3645
1234 3647
1234 3760
1234 3829
1234 3847
1234 3853
1234 3863
1234 3869
1234 3879
1234 3885
1234 3887
1234 3968
1234 3983
1234 3984
1234 4000
1234 4037
1234 4048
1234 4069
1236 2095
1236 2106
1236 2175
1236 2319
1236 2346
1236 2362
1236 2351
1236 2367
1236 2383
1236 2480
1236 2571
1236 2574
1236 2586
1236 2575
1236 2618
1236 2623
1236 2639
1236 2687
1236 2736
1236 2757
1236 2826
1236 2858
1236 2863
1236 2880
1236 2895
1236 2927
1236 2944
1236 2959
1236 2960
1236 3018
1236 3119
1236 3130
1236 3183
1236 3199
1236 3216
1236 3370
1236 3374
1236 3371
1236 3375
1236 3386
1236 3391
1236 3407
1236 3557
1236 3599
1236 3610
1236 3615
1236 3647
1236 3663
1236 3679
1236 3711
1236 3728
1236 3760
1236 3781
1236 3824
1236 3866
1236 3871
1236 3882
1236 3887
1236 3919
1236 3951
1236 3984
1236 4048
1236 4069
1238 2319
1238 2480
1238 2944
1238 2960
1238 3248
1238 3407
1238 3504
1238 3525
1238 3760
1238 3968
1238 3984
1240 108
1240 2087
1240 2093
1240 2103
1240 2095
1240 2109
1240 2143
1240 2192
1240 2224
1240 2311
1240 2317
1240 2319
1240 2343
1240 2349
1240 2351
1240 2359
1240 2365
1240 2367
1240 2383
1240 2464
1240 2501
1240 2533
1240 2567
1240 2573
1240 2575
1240 2591
1240 2615
1240 2623
1240 2621
1240 2704
1240 2800
1240 2805
1240 2823
1240 2829
1240 2839
1240 2845
1240 2855
1240 2861
1240 2863
1240 2895
1240 2944
1240 2976
1240 2981
1240 3013
1240 3045
1240 3101
1240 3111
1240 3117
1240 3119
1240 3127
1240 3133
1240 3171
1240 3180
1240 3216
1240 3248
1240 3335
1240 3341
1240 3367
1240 3375
1240 3373
1240 3383
1240 3389
1240 3407
1240 3525
1240 3557
1240 3591
1240 3597
1240 3599
1240 3615
1240 3639
1240 3645
1240 3647
1240 3728
1240 3760
1240 3824
1240 3847
1240 3853
1240 3863
1240 3869
1240 3879
1240 3885
1240 3887
1240 4000
1240 4069
1241 2383
1241 2944
1241 3343
1241 3968
1249 1667
1249 2091
1249 2094
1249 2143
1249 2175
1249 2319
1249 2346
1249 2362
1249 2363
1249 2366
1249 2367
1249 2383
1249 2414
1249 2483
1249 2496
1249 2571
1249 2574
1249 2618
1249 2623
1249 2639
1249 2687
1249 2800
1249 2826
1249 2842
1249 2843
1249 2846
1249 2847
1249 2858
1249 2895
1249 2959
1249 2960
1249 3024
1249 3103
1249 3130
1249 3167
1249 3179
1249 3199
1249 3343
1249 3370
1249 3386
1249 3391
1249 3407
1249 3568
1249 3599
1249 3615
1249 3642
1249 3647
1249 3659
1249 3711
1249 3776
1249 3824
1249 3850
1249 3851
1249 3871
1249 3882
1249 3919
1249 3951
1249 3984
1249 4064
1249 435
1250 2071
1250 2074
1250 2077
1250 2079
1250 2087
1250 2093
1250 2103
1250 2109
1250 2159
1250 2192
1250 2224
1250 225
1250 2311
1250 2314
1250 2317
1250 2319
1250 2349
1250 2351
1250 2359
1250 2365
1250 2367
1250 2415
1250 2464
1250 2480
1250 2501
1250 2533
1250 2567
1250 2573
1250 2575
1250 2583
1250 2589
1250 2591
1250 2615
1250 2621
1250 2623
1250 2639
1250 2655
1250 2703
1250 2757
1250 2805
1250 2823
1250 2829
1250 2839
1250 2845
1250 2847
1250 2855
1250 2861
1250 2895
1250 2960
1250 2976
1250 3095
1250 3098
1250 3101
1250 3103
1250 3117
1250 3127
1250 3133
1250 3248
1250 3335
1250 3343
1250 3341
1250 3367
1250 3373
1250 3391
1250 3439
1250 3456
1250 3488
1250 3504
1250 3599
1250 3597
1250 3591
1250 3607
1250 3613
1250 3615
1250 3639
1250 3645
1250 3647
1250 3663
1250 3728
1250 3760
1250 3797
1250 3824
1250 3829
1250 3847
1250 3853
1250 3871
1250 3879
1250 3885
1250 3887
1250 3919
1250 3984
1250 4037
1250 4069
1252 1459
1252 1676
1252 172
1252 1746
1252 2074
1252 2106
1252 2143
1252 2160
1252 2175
1252 2229
1252 2318
1252 2319
1252 2346
1252 2347
1252 2350
1252 2362
1252 2367
1252 2383
1252 2575
1252 2591
1252 2618
1252 2623
1252 2639
1252 2687
1252 2826
1252 2842
1252 2847
1252 2858
1252 2895
1252 2927
1252 2944
1252 2960
1252 3024
1252 3099
1252 3102
1252 3115
1252 3118
1252 3131
1252 3130
1252 3167
1252 3199
1252 3235
1252 3253
1252 3342
1252 3339
1252 3343
1252 3370
1252 3375
1252 3386
1252 3387
1252 3390
1252 3391
1252 3407
1252 3516
1252 3568
1252 3595
1252 3598
1252 3599
1252 3642
1252 3663
1252 3711
1252 3850
1252 3867
1252 3870
1252 3871
1252 3882
1252 3887
1252 3919
1252 3984
1252 4048
1252 444
1254 2575
1254 2960
1254 3248
1254 3663
1256 2071
1256 2079
1256 2077
1256 2087
1256 2093
1256 2103
1256 2109
1256 2192
1256 2224
1256 2229
1256 2273
1256 2276
1256 2293
1256 2311
1256 2314
1256 2317
1256 2319
1256 2343
1256 2349
1256 2351
1256 2359
1256 2365
1256 2367
1256 2432
1256 2480
1256 2501
1256 2567
1256 2573
1256 2575
1256 2583
1256 2591
1256 2589
1256 2615
1256 2621
1256 2623
1256 2639
1256 2655
1256 2701
1256 2704
1256 2736
1256 2768
1256 2773
1256 2823
1256 2829
1256 2839
1256 2845
1256 2847
1256 2855
1256 2861
1256 2895
1256 2899
1256 2944
1256 2959
1256 2960
1256 2976
1256 3013
1256 3045
1256 3095
1256 3101
1256 3103
1256 3111
1256 3117
1256 3127
1256 3133
1256 3183
1256 3248
1256 3253
1256 3317
1256 3335
1256 3338
1256 3341
1256 3343
1256 3367
1256 3373
1256 3375
1256 3391
1256 3456
1256 3504
1256 3525
1256 3530
1256 3568
1256 3591
1256 3597
1256 3607
1256 3613
1256 3639
1256 3645
1256 3679
1256 3663
1256 3727
1256 3728
1256 3760
1256 3847
1256 3853
1256 3871
1256 3879
1256 3885
1256 3887
1256 3968
1256 3984
1256 4000
1256 4037
1256 4064
1256 4069
1257 2639
1257 2895
1257 2944
1257 3599
1257 3968
1257 3984
1265 1203
1265 1212
1265 179
1265 188
1265 1923
1265 2074
1265 2079
1265 2095
1265 2107
1265 2106
1265 2110
1265 2143
1265 2159
1265 2224
1265 2227
1265 2236
1265 2319
1265 2351
1265 2362
1265 2383
1265 2415
1265 242
1265 2480
1265 2528
1265 2575
1265 2586
1265 2591
1265 2618
1265 2639
1265 2623
1265 2752
1265 2757
1265 2768
1265 2826
1265 2827
1265 2830
1265 2847
1265 2895
1265 2927
1265 2944
1265 2947
1265 2956
1265 3024
1265 3102
1265 3130
1265 3167
1265 3183
1265 3195
1265 3198
1265 3343
1265 3370
1265 3375
1265 3386
1265 3387
1265 3391
1265 3407
1265 3552
1265 3599
1265 3615
1265 3663
1265 3679
1265 3711
1265 3781
1265 3792
1265 3824
1265 3850
1265 3866
1265 3867
1265 3870
1265 3871
1265 3882
1265 3887
1265 3915
1265 3918
1265 3983
1265 3984
1265 4064
1265 899
1266 115
1266 1268
1266 2020
1266 2077
1266 2079
1266 2087
1266 2093
1266 2095
1266 2103
1266 2109
1266 2162
1266 2168
1266 2175
1266 2192
1266 2311
1266 2317
1266 2319
1266 2343
1266 2359
1266 2349
1266 2351
1266 2365
1266 2367
1266 241
1266 2432
1266 2480
1266 2496
1266 2501
1266 2528
1266 2533
1266 2544
1266 2567
1266 2573
1266 2575
1266 2583
1266 2589
1266 2591
1266 2615
1266 2621
1266 2736
1266 2752
1266 2757
1266 2768
1266 2773
1266 2823
1266 2829
1266 2839
1266 2845
1266 2863
1266 2895
1266 2944
1266 2959
1266 2976
1266 3013
1266 3040
1266 3095
1266 3101
1266 3111
1266 3117
1266 3119
1266 3127
1266 3133
1266 3199
1266 3317
1266 3335
1266 3341
1266 3343
1266 3367
1266 3373
1266 3375
1266 3383
1266 3389
1266 3391
1266 3456
1266 3504
1266 3525
1266 3552
1266 3568
1266 3591
1266 3597
1266 3599
1266 3607
1266 3613
1266 3615
1266 3639
1266 3645
1266 3647
1266 3781
1266 3797
1266 3825
1266 3847
1266 3853
1266 3863
1266 3869
1266 3871
1266 3879
1266 3885
1266 3887
1266 3919
1266 3975
1266 3981
1266 3984
1266 4037
1266 4068
1266 835
1268 1212
1268 1266
1268 179
1268 188
1268 1932
1268 2075
1268 2078
1268 2079
1268 2095
1268 2106
1268 2143
1268 2159
1268 2171
1268 2174
1268 2314
1268 2319
1268 2351
1268 2362
1268 2367
1268 2464
1268 248
1268 2480
1268 2533
1268 2586
1268 2575
1268 2587
1268 2591
1268 2619
1268 2639
1268 2622
1268 2655
1268 2704
1268 2757
1268 2805
1268 2826
1268 2842
1268 2847
1268 2863
1268 2891
1268 2894
1268 2927
1268 2959
1268 2960
1268 2976
1268 3045
1268 3098
1268 3099
1268 3102
1268 3103
1268 3119
1268 3126
1268 3129
1268 3130
1268 3134
1268 3183
1268 3216
1268 3248
1268 3338
1268 3343
1268 3342
1268 3370
1268 3375
1268 3386
1268 3407
1268 3391
1268 3439
1268 3456
1268 3488
1268 3504
1268 3557
1268 3599
1268 3610
1268 3615
1268 3642
1268 3647
1268 3663
1268 3679
1268 3728
1268 3760
1268 3781
1268 3829
1268 3846
1268 3849
1268 3850
1268 3851
1268 3854
1268 3866
1268 3871
1268 3887
1268 3951
1268 3968
1268 3984
1268 4000
1268 4069
1268 843
1268 899
1268 908
1270 2224
1270 3248
1270 3488
1270 3728
1270 3829
1270 3919
1270 3984
1270 4069
1272 1150
1272 2071
1272 2077
1272 2079
1272 2087
1272 2093
1272 2103
1272 2109
1272 2163
1272 2192
1272 2237
1272 2289
1272 2311
1272 2317
1272 2319
1272 2343
1272 2349
1272 2351
1272 2359
1272 2365
1272 2432
1272 244
1272 2501
1272 2533
1272 2567
1272 2573
1272 2575
1272 2583
1272 2589
1272 2615
1272 2621
1272 2623
1272 2768
1272 2773
1272 2823
1272 2825
1272 2829
1272 2839
1272 2845
1272 2855
1272 2847
1272 2861
1272 2895
1272 2960
1272 2976
1272 3013
1272 3095
1272 3101
1272 3103
1272 3111
1272 3117
1272 3119
1272 3133
1272 3184
1272 3195
1272 3198
1272 3199
1272 3216
1272 3285
1272 3317
1272 3335
1272 3341
1272 3343
1272 3367
1272 3373
1272 3375
1272 3383
1272 3389
1272 3391
1272 3525
1272 3530
1272 3552
1272 3557
1272 3591
1272 3597
1272 3599
1272 3613
1272 3615
1272 3639
1272 3645
1272 3647
1272 3727
1272 3760
1272 3781
1272 3792
1272 3797
1272 3847
1272 3853
1272 3863
1272 3869
1272 3871
1272 3879
1272 3885
1272 3915
1272 3919
1272 4000
1272 4037
1273 2107
1273 2110
1273 2464
1273 2704
1273 2805
1273 2895
1273 2960
1273 3045
1273 3248
1273 3984
1286 2159
1286 2192
1286 2533
1286 2586
1286 2927
1286 3280
1286 3297
1286 3300
1286 3777
1286 3780
1287 2074
1287 2143
1287 2159
1287 2192
1287 2256
1287 2258
1287 2264
1287 2272
1287 2274
1287 2280
1287 2290
1287 2296
1287 2315
1287 2318
1287 2383
1287 2415
1287 2432
1287 2528
1287 2533
1287 2530
1287 2536
1287 2544
1287 2546
1287 2552
1287 2586
1287 2618
1287 2623
1287 2752
1287 2754
1287 2760
1287 2768
1287 2770
1287 2776
1287 2773
1287 2800
1287 2802
1287 2808
1287 2853
1287 2858
1287 2863
1287 2895
1287 2927
1287 3010
1287 3016
1287 3024
1287 3026
1287 3032
1287 3040
1287 3042
1287 3048
1287 3098
1287 3130
1287 3216
1287 3282
1287 3288
1287 3298
1287 3304
1287 3314
1287 3320
1287 3439
1287 3528
1287 3552
1287 3554
1287 3557
1287 3560
1287 3570
1287 3576
1287 3610
1287 3642
1287 3776
1287 3778
1287 3784
1287 3792
1287 3794
1287 3800
1287 3824
1287 3826
1287 3832
1287 3866
1287 3877
1287 3882
1287 3887
1287 3919
1287 4034
1287 4040
1287 4048
1287 4050
1287 4056
1287 4064
1287 4066
1287 4072
1289 2256
1289 2858
1289 3130
1289 3407
1289 3777
1289 3780
1289 3951
1291 1085
1291 1123
1291 1379
1291 1619
1291 1805
1291 2147
1291 2156
1291 2159
1291 2192
1291 2224
1291 2256
1291 2272
1291 2277
1291 2293
1291 2298
1291 2464
1291 2480
1291 2501
1291 2528
1291 2533
1291 2545
1291 2544
1291 2575
1291 2591
1291 2618
1291 2704
1291 2752
1291 2768
1291 2800
1291 2805
1291 2826
1291 2858
1291 2890
1291 2895
1291 2896
1291 2960
1291 3009
1291 3024
1291 3040
1291 3041
1291 3044
1291 3045
1291 3130
1291 3183
1291 3216
1291 3248
1291 3296
1291 3301
1291 3317
1291 3407
1291 3488
1291 3504
1291 3521
1291 3524
1291 3525
1291 3552
1291 3553
1291 3556
1291 3557
1291 3568
1291 3599
1291 364
1291 3642
1291 3728
1291 3760
1291 3776
1291 3781
1291 3792
1291 3796
1291 3793
1291 3824
1291 3829
1291 3850
1291 3866
1291 3882
1291 3919
1291 3984
1291 4037
1291 4048
1291 4064
1291 4069
1293 2175
1293 2192
1293 2258
1293 2264
1293 2274
1293 2277
1293 2280
1293 2290
1293 2296
1293 2383
1293 2530
1293 2528
1293 2533
1293 2544
1293 2536
1293 2546
1293 2552
1293 2575
1293 2591
1293 2618
1293 2754
1293 2760
1293 2768
1293 2770
1293 2773
1293 2776
1293 2800
1293 2802
1293 2808
1293 2842
1293 2858
1293 2895
1293 3010
1293 3016
1293 3024
1293 3026
1293 3032
1293 3040
1293 3042
1293 3048
1293 3183
1293 3216
1293 3282
1293 3288
1293 3296
1293 3298
1293 3314
1293 3304
1293 3320
1293 3439
1293 3552
1293 3554
1293 3557
1293 3560
1293 3568
1293 3570
1293 3576
1293 3599
1293 3642
1293 3647
1293 3778
1293 3784
1293 3792
1293 3794
1293 3797
1293 3800
1293 3824
1293 3826
1293 3832
1293 3866
1293 3882
1293 3887
1293 3919
1293 3936
1293 4034
1293 4040
1293 4050
1293 4048
1293 4056
1293 4064
1293 4072
1294 1079
1294 1388
1294 1628
1294 1799
1294 2095
1294 2106
1294 2143
1294 2159
1294 2192
1294 2224
1294 2256
1294 2260
1294 2272
1294 2273
1294 2276
1294 2277
1294 2293
1294 2298
1294 2383
1294 2464
1294 2480
1294 2501
1294 2529
1294 2532
1294 2533
1294 2544
1294 2575
1294 2618
1294 2623
1294 2704
1294 2736
1294 2752
1294 2757
1294 2768
1294 2769
1294 2772
1294 2800
1294 2805
1294 2863
1294 2895
1294 2960
1294 3013
1294 3024
1294 3040
1294 3045
1294 3103
1294 3248
1294 3280
1294 3296
1294 3301
1294 3316
1294 3317
1294 3322
1294 3488
1294 3504
1294 355
1294 3569
1294 3568
1294 3572
1294 3599
1294 3615
1294 3642
1294 3728
1294 3760
1294 3781
1294 3792
1294 3824
1294 3829
1294 3887
1294 3919
1294 3984
1294 4037
1294 4048
1294 4064
1294 4069
1294 595
1318 2704
1318 2858
1318 3045
1318 3569
1318 3572
1318 3792
1318 3825
1318 3828
1318 4049
1318 4052
1318 4048
1319 1683
1319 2106
1319 2143
1319 2175
1319 2192
1319 2256
1319 2258
1319 2264
1319 2274
1319 2280
1319 2290
1319 2296
1319 2383
1319 2483
1319 2492
1319 2496
1319 2498
1319 2504
1319 2533
1319 2544
1319 2546
1319 2552
1319 2586
1319 2618
1319 2655
1319 2704
1319 2752
1319 2754
1319 2760
1319 2768
1319 2770
1319 2776
1319 2802
1319 2800
1319 2805
1319 2808
1319 2826
1319 2895
1319 2927
1319 3010
1319 3016
1319 3024
1319 3026
1319 3032
1319 3040
1319 3042
1319 3045
1319 3048
1319 3130
1319 3167
1319 3199
1319 3235
1319 3244
1319 3280
1319 3282
1319 3288
1319 3296
1319 3298
1319 3304
1319 3314
1319 3320
1319 3338
1319 3520
1319 3522
1319 3528
1319 3568
1319 3570
1319 3576
1319 3610
1319 3642
1319 3664
1319 3679
1319 3715
1319 3724
1319 3728
1319 3776
1319 3778
1319 3784
1319 3794
1319 3800
1319 3824
1319 3826
1319 3829
1319 3832
1319 3850
1319 3914
1319 3919
1319 3951
1319 4005
1319 4034
1319 4048
1319 4040
1319 4050
1319 4056
1319 4064
1319 4066
1319 4069
1319 4072
1319 643
1321 2159
1321 2768
1321 2895
1321 3199
1321 3569
1321 3728
1321 4048
1321 4049
1321 4052
1321 4069
1323 1395
1323 1651
1323 1891
1323 2159
1323 2192
1323 2224
1323 2239
1323 2256
1323 2261
1323 2273
1323 2276
1323 2277
1323 2298
1323 2383
1323 2480
1323 2496
1323 2501
1323 2533
1323 2618
1323 2623
1323 2752
1323 2753
1323 2756
1323 2768
1323 2800
1323 2821
1323 2826
1323 2863
1323 2899
1323 2908
1323 2944
1323 3009
1323 3012
1323 3013
1323 3025
1323 3028
1323 3040
1323 3045
1323 3098
1323 3183
1323 3216
1323 3248
1323 3280
1323 3284
1323 3281
1323 3285
1323 3301
1323 3317
1323 3439
1323 3504
1323 3520
1323 3521
1323 3524
1323 3525
1323 3557
1323 3568
1323 3610
1323 3642
1323 3728
1323 3760
1323 3776
1323 3781
1323 3792
1323 3793
1323 3824
1323 3825
1323 3828
1323 3850
1323 3882
1323 3914
1323 3919
1323 3951
1323 3968
1323 4037
1323 4064
1323 4065
1323 4069
1323 83
1323 876
1325 1196
1325 1676
1325 1819
1325 2074
1325 2079
1325 2106
1325 2143
1325 2175
1325 2256
1325 2258
1325 2264
1325 2272
1325 2274
1325 2277
1325 2280
1325 2290
1325 2296
1325 2298
1325 2415
1325 2464
1325 2496
1325 2498
1325 2504
1325 2544
1325 2546
1325 2552
1325 2618
1325 2640
1325 2704
1325 2752
1325 2754
1325 2760
1325 2768
1325 2800
1325 2802
1325 2805
1325 2808
1325 2895
1325 2896
1325 3010
1325 3016
1325 3024
1325 3026
1325 3040
1325 3042
1325 3045
1325 3048
1325 3119
1325 3130
1325 3167
1325 3199
1325 3280
1325 3282
1325 3288
1325 3298
1325 3304
1325 3314
1325 3322
1325 3320
1325 3488
1325 3520
1325 3522
1325 3528
1325 3560
1325 3568
1325 3570
1325 3576
1325 3599
1325 3610
1325 3642
1325 3728
1325 3776
1325 3778
1325 3784
1325 3792
1325 3794
1325 3800
1325 3824
1325 3826
1325 3829
1325 3832
1325 3951
1325 4034
1325 4040
1325 4048
1325 4050
1325 4056
1325 4066
1325 4069
1325 4072
1326 1660
1326 1900
1326 2074
1326 2106
1326 2159
1326 2192
1326 2224
1326 2256
1326 2261
1326 2272
1326 2277
1326 2415
1326 2480
1326 2496
1326 2497
1326 2501
1326 2533
1326 2704
1326 2752
1326 2753
1326 2756
1326 2757
1326 2768
1326 2773
1326 2800
1326 2801
1326 2804
1326 2883
1326 2892
1326 2927
1326 2944
1326 3009
1326 3012
1326 3013
1326 3025
1326 3028
1326 3041
1326 3044
1326 3045
1326 3130
1326 3199
1326 3216
1326 3248
1326 3280
1326 3301
1326 3317
1326 3504
1326 3525
1326 3557
1326 3568
1326 3647
1326 3728
1326 3776
1326 3781
1326 3792
1326 3824
1326 3850
1326 3968
1326 3984
1326 4033
1326 4036
1326 4037
1326 627
1326 867
1326 92
1334 2277
1334 2895
1334 2899
1334 2908
1334 3025
1334 3028
1334 3919
1334 4048
1335 2074
1335 2106
1335 2143
1335 2159
1335 2192
1335 2207
1335 2211
1335 2220
1335 2239
1335 2256
1335 2258
1335 2264
1335 2272
1335 2274
1335 2277
1335 2280
1335 2290
1335 2296
1335 2366
1335 2383
1335 2415
1335 2447
1335 2498
1335 2496
1335 2504
1335 2528
1335 2530
1335 2533
1335 2536
1335 2546
1335 2552
1335 2586
1335 2591
1335 2618
1335 2704
1335 2752
1335 2754
1335 2760
1335 2768
1335 2770
1335 2776
1335 2800
1335 2802
1335 2808
1335 2826
1335 2858
1335 2895
1335 2927
1335 3010
1335 3016
1335 3024
1335 3026
1335 3032
1335 3040
1335 3042
1335 3045
1335 3048
1335 3098
1335 3130
1335 3167
1335 3183
1335 3231
1335 3280
1335 3282
1335 3288
1335 3296
1335 3301
1335 3314
1335 3320
1335 3407
1335 3439
1335 3511
1335 3517
1335 3522
1335 3528
1335 3552
1335 3554
1335 3560
1335 3570
1335 3576
1335 3610
1335 3615
1335 3642
1335 3728
1335 3792
1335 3794
1335 3800
1335 3824
1335 3826
1335 3832
1335 3850
1335 3882
1335 3919
1335 3920
1335 3951
1335 4034
1335 4040
1335 4050
1335 4056
1335 4064
1335 4066
1335 4069
1335 4072
1337 2159
1337 2175
1337 2895
1337 3024
1337 3183
1337 3199
1337 3407
1337 3728
1337 4049
1337 4069
1339 1379
